-- --------------------------------------------------------
-- Host:                         rm-gs5vl5q0s90b3om68go.mysql.singapore.rds.aliyuncs.com
-- Server version:               8.0.25 - Source distribution
-- Server OS:                    Linux
-- HeidiSQL Version:             11.3.0.6295
-- --------------------------------------------------------

/*!40101 SET @OLD_CHARACTER_SET_CLIENT=@@CHARACTER_SET_CLIENT */;
/*!40101 SET NAMES utf8 */;
/*!50503 SET NAMES utf8mb4 */;
/*!40014 SET @OLD_FOREIGN_KEY_CHECKS=@@FOREIGN_KEY_CHECKS, FOREIGN_KEY_CHECKS=0 */;
/*!40101 SET @OLD_SQL_MODE=@@SQL_MODE, SQL_MODE='NO_AUTO_VALUE_ON_ZERO' */;
/*!40111 SET @OLD_SQL_NOTES=@@SQL_NOTES, SQL_NOTES=0 */;

-- Dumping data for table iwave-uat.accounts: ~427 rows (approximately)
/*!40000 ALTER TABLE `accounts` DISABLE KEYS */;
INSERT INTO `accounts` (`id`, `member_id`, `currency`, `balance`, `locked`, `created_at`, `updated_at`, `in`, `out`, `default_withdraw_fund_source_id`, `referral_commissions`) VALUES
	(1, 1, 1, 0.0000000000000000, 0.0000000000000000, '2021-11-29 07:16:06', '2022-01-21 11:02:30', NULL, NULL, 6, 0.0000000000000000),
	(2, 1, 2, 0.0000000000000000, 0.0000000000000000, '2021-11-29 07:16:06', '2022-01-21 11:02:30', NULL, NULL, NULL, 0.0000000000000000),
	(3, 1, 3, 0.0000000000000000, 0.0000000000000000, '2021-11-29 07:16:06', '2022-01-21 11:02:30', NULL, NULL, NULL, 0.0000000000000000),
	(4, 1, 4, 0.0000000000000000, 0.0000000000000000, '2021-11-29 07:16:06', '2022-01-21 11:02:30', NULL, NULL, NULL, 0.0000000000000000),
	(5, 1, 5, 0.0000000000000000, 0.0000000000000000, '2021-11-29 07:16:06', '2022-01-21 11:02:30', NULL, NULL, NULL, 0.0000000000000000),
	(6, 1, 6, 0.0000000000000000, 0.0000000000000000, '2021-11-29 07:16:06', '2022-01-21 11:02:30', NULL, NULL, 3, 0.0000000000000000),
	(7, 2, 1, 0.0000000000000000, 0.0000000000000000, '2021-11-29 07:16:06', '2021-11-29 07:16:06', NULL, NULL, NULL, 0.0000000000000000),
	(8, 2, 2, 0.0000000000000000, 0.0000000000000000, '2021-11-29 07:16:06', '2021-11-29 07:16:06', NULL, NULL, NULL, 0.0000000000000000),
	(9, 2, 3, 0.0000000000000000, 0.0000000000000000, '2021-11-29 07:16:06', '2021-11-29 07:16:06', NULL, NULL, NULL, 0.0000000000000000),
	(10, 2, 4, 0.0000000000000000, 0.0000000000000000, '2021-11-29 07:16:06', '2021-11-29 07:16:06', NULL, NULL, NULL, 0.0000000000000000),
	(11, 2, 5, 0.0000000000000000, 0.0000000000000000, '2021-11-29 07:16:06', '2021-11-29 07:16:06', NULL, NULL, NULL, 0.0000000000000000),
	(12, 2, 6, 0.0000000000000000, 0.0000000000000000, '2021-11-29 07:16:06', '2021-11-29 07:16:06', NULL, NULL, NULL, 0.0000000000000000),
	(13, 3, 1, 0.0000000000000000, 0.0000000000000000, '2021-12-09 10:45:21', '2021-12-09 10:45:21', NULL, NULL, NULL, 0.0000000000000000),
	(14, 3, 2, 0.0000000000000000, 0.0000000000000000, '2021-12-09 10:45:21', '2021-12-09 10:45:21', NULL, NULL, NULL, 0.0000000000000000),
	(15, 3, 3, 0.0000000000000000, 0.0000000000000000, '2021-12-09 10:45:21', '2021-12-09 10:45:21', NULL, NULL, NULL, 0.0000000000000000),
	(16, 3, 4, 0.0000000000000000, 0.0000000000000000, '2021-12-09 10:45:21', '2021-12-09 10:45:21', NULL, NULL, NULL, 0.0000000000000000),
	(17, 3, 5, 0.0000000000000000, 0.0000000000000000, '2021-12-09 10:45:21', '2021-12-09 10:45:21', NULL, NULL, NULL, 0.0000000000000000),
	(18, 3, 6, 0.0000000000000000, 0.0000000000000000, '2021-12-09 10:45:21', '2021-12-09 10:45:21', NULL, NULL, NULL, 0.0000000000000000),
	(19, 4, 1, 0.0000000000000000, 0.0000000000000000, '2021-12-12 23:40:41', '2022-01-21 11:02:30', NULL, NULL, NULL, 0.0000000000000000),
	(20, 4, 2, 0.0000000000000000, 0.0000000000000000, '2021-12-12 23:40:41', '2022-01-21 11:02:30', NULL, NULL, NULL, 0.0000000000000000),
	(21, 4, 3, 0.0000000000000000, 0.0000000000000000, '2021-12-12 23:40:41', '2022-01-21 11:02:31', NULL, NULL, NULL, 0.0000000000000000),
	(22, 4, 4, 0.0000000000000000, 0.0000000000000000, '2021-12-12 23:40:41', '2022-01-21 11:02:31', NULL, NULL, NULL, 0.0000000000000000),
	(23, 4, 5, 0.0000000000000000, 0.0000000000000000, '2021-12-12 23:40:41', '2022-01-21 11:02:31', NULL, NULL, NULL, 0.0000000000000000),
	(24, 4, 6, 0.0000000000000000, 0.0000000000000000, '2021-12-12 23:40:41', '2022-01-21 11:02:31', NULL, NULL, NULL, 0.0000000000000000),
	(25, 5, 1, 0.0000000000000000, 0.0000000000000000, '2021-12-12 23:47:03', '2021-12-12 23:47:03', NULL, NULL, NULL, 0.0000000000000000),
	(26, 5, 2, 0.0000000000000000, 0.0000000000000000, '2021-12-12 23:47:03', '2021-12-12 23:47:03', NULL, NULL, NULL, 0.0000000000000000),
	(27, 5, 3, 0.0000000000000000, 0.0000000000000000, '2021-12-12 23:47:03', '2021-12-12 23:47:03', NULL, NULL, NULL, 0.0000000000000000),
	(28, 5, 4, 0.0000000000000000, 0.0000000000000000, '2021-12-12 23:47:03', '2021-12-12 23:47:03', NULL, NULL, NULL, 0.0000000000000000),
	(29, 5, 5, 0.0000000000000000, 0.0000000000000000, '2021-12-12 23:47:03', '2021-12-12 23:47:03', NULL, NULL, NULL, 0.0000000000000000),
	(30, 5, 6, 0.0000000000000000, 0.0000000000000000, '2021-12-12 23:47:03', '2021-12-12 23:47:03', NULL, NULL, NULL, 0.0000000000000000),
	(31, 6, 1, 0.0000000000000000, 0.0000000000000000, '2021-12-20 13:21:11', '2022-02-09 14:04:58', NULL, NULL, 2, 0.0000000000000000),
	(32, 6, 2, 0.0800000000000000, 0.0150000000000000, '2021-12-20 13:21:11', '2022-02-08 13:40:31', NULL, NULL, 15, 0.0000000000000000),
	(33, 6, 3, 0.0000000000000000, 0.0000000000000000, '2021-12-20 13:21:11', '2022-01-21 11:02:31', NULL, NULL, NULL, 0.0000000000000000),
	(34, 6, 4, 0.0000000000000000, 0.0000000000000000, '2021-12-20 13:21:11', '2022-01-21 11:02:31', NULL, NULL, NULL, 0.0000000000000000),
	(35, 6, 5, 0.0000000000000000, 0.0000000000000000, '2021-12-20 13:21:11', '2022-01-21 11:02:31', NULL, NULL, NULL, 0.0000000000000000),
	(36, 6, 6, 0.0000000000000000, 0.0000000000000000, '2021-12-20 13:21:11', '2022-01-21 11:02:38', NULL, NULL, 4, 0.0000200000000000),
	(37, 7, 1, 0.0000000000000000, 0.0000000000000000, '2021-12-21 08:30:44', '2021-12-21 08:30:44', NULL, NULL, NULL, 0.0000000000000000),
	(38, 7, 2, 0.0000000000000000, 0.0000000000000000, '2021-12-21 08:30:44', '2021-12-21 08:30:44', NULL, NULL, NULL, 0.0000000000000000),
	(39, 7, 3, 0.0000000000000000, 0.0000000000000000, '2021-12-21 08:30:44', '2021-12-21 08:30:44', NULL, NULL, NULL, 0.0000000000000000),
	(40, 7, 4, 0.0000000000000000, 0.0000000000000000, '2021-12-21 08:30:44', '2021-12-21 08:30:44', NULL, NULL, NULL, 0.0000000000000000),
	(41, 7, 5, 0.0000000000000000, 0.0000000000000000, '2021-12-21 08:30:44', '2021-12-21 08:30:44', NULL, NULL, NULL, 0.0000000000000000),
	(42, 7, 6, 0.0000000000000000, 0.0000000000000000, '2021-12-21 08:30:44', '2021-12-21 08:30:44', NULL, NULL, NULL, 0.0000000000000000),
	(43, 8, 1, 0.0000000000000000, 0.0000000000000000, '2021-12-21 09:58:59', '2021-12-21 09:58:59', NULL, NULL, NULL, 0.0000000000000000),
	(44, 8, 2, 0.0000000000000000, 0.0000000000000000, '2021-12-21 09:58:59', '2021-12-21 09:58:59', NULL, NULL, NULL, 0.0000000000000000),
	(45, 8, 3, 0.0000000000000000, 0.0000000000000000, '2021-12-21 09:58:59', '2021-12-21 09:58:59', NULL, NULL, NULL, 0.0000000000000000),
	(46, 8, 4, 0.0000000000000000, 0.0000000000000000, '2021-12-21 09:58:59', '2021-12-21 09:58:59', NULL, NULL, NULL, 0.0000000000000000),
	(47, 8, 5, 0.0000000000000000, 0.0000000000000000, '2021-12-21 09:58:59', '2021-12-21 09:58:59', NULL, NULL, NULL, 0.0000000000000000),
	(48, 8, 6, 0.0000000000000000, 0.0000000000000000, '2021-12-21 09:58:59', '2021-12-21 09:58:59', NULL, NULL, NULL, 0.0000000000000000),
	(49, 9, 1, 0.0000000000000000, 0.0000000000000000, '2021-12-23 08:38:55', '2021-12-23 08:38:55', NULL, NULL, NULL, 0.0000000000000000),
	(50, 9, 2, 0.0100000000000000, 0.0000000000000000, '2021-12-23 08:38:55', '2021-12-23 08:38:55', NULL, NULL, NULL, 0.0000000000000000),
	(51, 9, 3, 0.0000000000000000, 0.0000000000000000, '2021-12-23 08:38:55', '2021-12-23 08:38:55', NULL, NULL, NULL, 0.0000000000000000),
	(52, 9, 4, 0.0000000000000000, 0.0000000000000000, '2021-12-23 08:38:55', '2021-12-23 08:38:55', NULL, NULL, NULL, 0.0000000000000000),
	(53, 9, 5, 0.0000000000000000, 0.0000000000000000, '2021-12-23 08:38:55', '2021-12-23 08:38:55', NULL, NULL, NULL, 0.0000000000000000),
	(54, 9, 6, 10.0000000000000000, 0.0000000000000000, '2021-12-23 08:38:55', '2022-01-21 11:02:31', NULL, NULL, NULL, 0.0000000000000000),
	(55, 10, 1, 0.0000000000000000, 0.0000000000000000, '2021-12-29 08:37:32', '2021-12-29 08:37:32', NULL, NULL, NULL, 0.0000000000000000),
	(56, 10, 2, 0.0000000000000000, 0.0000000000000000, '2021-12-29 08:37:32', '2021-12-29 08:37:32', NULL, NULL, NULL, 0.0000000000000000),
	(57, 10, 3, 0.0000000000000000, 0.0000000000000000, '2021-12-29 08:37:32', '2021-12-29 08:37:32', NULL, NULL, NULL, 0.0000000000000000),
	(58, 10, 4, 0.0000000000000000, 0.0000000000000000, '2021-12-29 08:37:32', '2021-12-29 08:37:32', NULL, NULL, NULL, 0.0000000000000000),
	(59, 10, 5, 0.0000000000000000, 0.0000000000000000, '2021-12-29 08:37:32', '2021-12-29 08:37:32', NULL, NULL, NULL, 0.0000000000000000),
	(60, 10, 6, 0.0000000000000000, 0.0000000000000000, '2021-12-29 08:37:32', '2021-12-29 08:37:32', NULL, NULL, NULL, 0.0000000000000000),
	(61, 11, 1, 0.0000000000000000, 0.0000000000000000, '2021-12-31 03:47:45', '2021-12-31 03:47:45', NULL, NULL, NULL, 0.0000000000000000),
	(62, 11, 2, 0.0000000000000000, 0.0000000000000000, '2021-12-31 03:47:45', '2021-12-31 03:47:45', NULL, NULL, NULL, 0.0000000000000000),
	(63, 11, 3, 0.0000000000000000, 0.0000000000000000, '2021-12-31 03:47:45', '2021-12-31 03:47:45', NULL, NULL, NULL, 0.0000000000000000),
	(64, 11, 4, 0.0000000000000000, 0.0000000000000000, '2021-12-31 03:47:45', '2021-12-31 03:47:45', NULL, NULL, NULL, 0.0000000000000000),
	(65, 11, 5, 0.0000000000000000, 0.0000000000000000, '2021-12-31 03:47:45', '2021-12-31 03:47:45', NULL, NULL, NULL, 0.0000000000000000),
	(66, 11, 6, 0.0000000000000000, 0.0000000000000000, '2021-12-31 03:47:45', '2021-12-31 03:47:45', NULL, NULL, NULL, 0.0000000000000000),
	(67, 12, 1, 0.0000000000000000, 0.0000000000000000, '2021-12-31 03:51:49', '2021-12-31 03:51:49', NULL, NULL, NULL, 0.0000000000000000),
	(68, 12, 2, 0.0000000000000000, 0.0000000000000000, '2021-12-31 03:51:49', '2021-12-31 03:51:49', NULL, NULL, NULL, 0.0000000000000000),
	(69, 12, 3, 0.0000000000000000, 0.0000000000000000, '2021-12-31 03:51:49', '2021-12-31 03:51:49', NULL, NULL, NULL, 0.0000000000000000),
	(70, 12, 4, 0.0000000000000000, 0.0000000000000000, '2021-12-31 03:51:49', '2021-12-31 03:51:49', NULL, NULL, NULL, 0.0000000000000000),
	(71, 12, 5, 0.0000000000000000, 0.0000000000000000, '2021-12-31 03:51:49', '2021-12-31 03:51:49', NULL, NULL, NULL, 0.0000000000000000),
	(72, 12, 6, 0.0000000000000000, 0.0000000000000000, '2021-12-31 03:51:49', '2021-12-31 03:51:49', NULL, NULL, NULL, 0.0000000000000000),
	(73, 13, 1, 0.0000000000000000, 0.0000000000000000, '2021-12-31 03:53:22', '2021-12-31 03:53:22', NULL, NULL, NULL, 0.0000000000000000),
	(74, 13, 2, 0.0000000000000000, 0.0000000000000000, '2021-12-31 03:53:22', '2021-12-31 03:53:22', NULL, NULL, NULL, 0.0000000000000000),
	(75, 13, 3, 0.0000000000000000, 0.0000000000000000, '2021-12-31 03:53:22', '2021-12-31 03:53:22', NULL, NULL, NULL, 0.0000000000000000),
	(76, 13, 4, 0.0000000000000000, 0.0000000000000000, '2021-12-31 03:53:22', '2021-12-31 03:53:22', NULL, NULL, NULL, 0.0000000000000000),
	(77, 13, 5, 0.0000000000000000, 0.0000000000000000, '2021-12-31 03:53:22', '2021-12-31 03:53:22', NULL, NULL, NULL, 0.0000000000000000),
	(78, 13, 6, 0.0000000000000000, 0.0000000000000000, '2021-12-31 03:53:22', '2021-12-31 03:53:22', NULL, NULL, NULL, 0.0000000000000000),
	(79, 14, 1, 0.0000000000000000, 0.0000000000000000, '2021-12-31 06:42:00', '2021-12-31 06:42:00', NULL, NULL, NULL, 0.0000000000000000),
	(80, 14, 2, 0.0000000000000000, 0.0000000000000000, '2021-12-31 06:42:00', '2021-12-31 06:42:00', NULL, NULL, NULL, 0.0000000000000000),
	(81, 14, 3, 0.0000000000000000, 0.0000000000000000, '2021-12-31 06:42:00', '2021-12-31 06:42:00', NULL, NULL, NULL, 0.0000000000000000),
	(82, 14, 4, 0.0000000000000000, 0.0000000000000000, '2021-12-31 06:42:00', '2021-12-31 06:42:00', NULL, NULL, NULL, 0.0000000000000000),
	(83, 14, 5, 0.0000000000000000, 0.0000000000000000, '2021-12-31 06:42:00', '2021-12-31 06:42:00', NULL, NULL, NULL, 0.0000000000000000),
	(84, 14, 6, 0.0000000000000000, 0.0000000000000000, '2021-12-31 06:42:00', '2021-12-31 06:42:00', NULL, NULL, NULL, 0.0000000000000000),
	(85, 15, 1, 0.0000000000000000, 0.0000000000000000, '2021-12-31 07:37:44', '2021-12-31 07:37:44', NULL, NULL, NULL, 0.0000000000000000),
	(86, 15, 2, 0.0000000000000000, 0.0000000000000000, '2021-12-31 07:37:44', '2021-12-31 07:37:44', NULL, NULL, NULL, 0.0000000000000000),
	(87, 15, 3, 0.0000000000000000, 0.0000000000000000, '2021-12-31 07:37:44', '2021-12-31 07:37:44', NULL, NULL, NULL, 0.0000000000000000),
	(88, 15, 4, 0.0000000000000000, 0.0000000000000000, '2021-12-31 07:37:44', '2021-12-31 07:37:44', NULL, NULL, NULL, 0.0000000000000000),
	(89, 15, 5, 0.0000000000000000, 0.0000000000000000, '2021-12-31 07:37:44', '2021-12-31 07:37:44', NULL, NULL, NULL, 0.0000000000000000),
	(90, 15, 6, 0.0000000000000000, 0.0000000000000000, '2021-12-31 07:37:44', '2021-12-31 07:37:44', NULL, NULL, NULL, 0.0000000000000000),
	(91, 16, 1, 0.0000000000000000, 0.0000000000000000, '2022-01-03 05:04:51', '2022-01-03 05:04:51', NULL, NULL, NULL, 0.0000000000000000),
	(92, 16, 2, 0.0000000000000000, 0.0000000000000000, '2022-01-03 05:04:51', '2022-01-03 05:04:51', NULL, NULL, NULL, 0.0000000000000000),
	(93, 16, 3, 0.0000000000000000, 0.0000000000000000, '2022-01-03 05:04:51', '2022-01-03 05:04:51', NULL, NULL, NULL, 0.0000000000000000),
	(94, 16, 4, 0.0000000000000000, 0.0000000000000000, '2022-01-03 05:04:51', '2022-01-03 05:04:51', NULL, NULL, NULL, 0.0000000000000000),
	(95, 16, 5, 0.0000000000000000, 0.0000000000000000, '2022-01-03 05:04:51', '2022-01-03 05:04:51', NULL, NULL, NULL, 0.0000000000000000),
	(96, 16, 6, 0.0000000000000000, 0.0000000000000000, '2022-01-03 05:04:51', '2022-01-03 05:04:51', NULL, NULL, NULL, 0.0000000000000000),
	(97, 17, 1, 0.0000000000000000, 0.0000000000000000, '2022-01-03 05:13:44', '2022-01-03 05:13:44', NULL, NULL, NULL, 0.0000000000000000),
	(98, 17, 2, 0.0000000000000000, 0.0000000000000000, '2022-01-03 05:13:44', '2022-01-03 05:13:44', NULL, NULL, NULL, 0.0000000000000000),
	(99, 17, 3, 0.0000000000000000, 0.0000000000000000, '2022-01-03 05:13:44', '2022-01-03 05:13:44', NULL, NULL, NULL, 0.0000000000000000),
	(100, 17, 4, 0.0000000000000000, 0.0000000000000000, '2022-01-03 05:13:44', '2022-01-03 05:13:44', NULL, NULL, NULL, 0.0000000000000000),
	(101, 17, 5, 0.0000000000000000, 0.0000000000000000, '2022-01-03 05:13:44', '2022-01-03 05:13:44', NULL, NULL, NULL, 0.0000000000000000),
	(102, 17, 6, 0.0000000000000000, 0.0000000000000000, '2022-01-03 05:13:44', '2022-01-03 05:13:44', NULL, NULL, NULL, 0.0000000000000000),
	(103, 18, 1, 0.0000000000000000, 0.0000000000000000, '2022-01-03 10:45:40', '2022-01-03 10:45:40', NULL, NULL, NULL, 0.0000000000000000),
	(104, 18, 2, 0.0000000000000000, 0.0000000000000000, '2022-01-03 10:45:40', '2022-01-03 10:45:40', NULL, NULL, NULL, 0.0000000000000000),
	(105, 18, 3, 0.0000000000000000, 0.0000000000000000, '2022-01-03 10:45:40', '2022-01-03 10:45:40', NULL, NULL, NULL, 0.0000000000000000),
	(106, 18, 4, 0.0000000000000000, 0.0000000000000000, '2022-01-03 10:45:40', '2022-01-03 10:45:40', NULL, NULL, NULL, 0.0000000000000000),
	(107, 18, 5, 0.0000000000000000, 0.0000000000000000, '2022-01-03 10:45:40', '2022-01-03 10:45:40', NULL, NULL, NULL, 0.0000000000000000),
	(108, 18, 6, 0.0000000000000000, 0.0000000000000000, '2022-01-03 10:45:40', '2022-01-03 10:45:40', NULL, NULL, NULL, 0.0000000000000000),
	(109, 19, 1, 0.0000000000000000, 0.0000000000000000, '2022-01-03 11:18:08', '2022-01-03 11:18:08', NULL, NULL, NULL, 0.0000000000000000),
	(110, 19, 2, 0.0000000000000000, 0.0000000000000000, '2022-01-03 11:18:08', '2022-01-03 11:18:08', NULL, NULL, NULL, 0.0000000000000000),
	(111, 19, 3, 0.0000000000000000, 0.0000000000000000, '2022-01-03 11:18:08', '2022-01-03 11:18:08', NULL, NULL, NULL, 0.0000000000000000),
	(112, 19, 4, 0.0000000000000000, 0.0000000000000000, '2022-01-03 11:18:08', '2022-01-03 11:18:08', NULL, NULL, NULL, 0.0000000000000000),
	(113, 19, 5, 0.0000000000000000, 0.0000000000000000, '2022-01-03 11:18:08', '2022-01-03 11:18:08', NULL, NULL, NULL, 0.0000000000000000),
	(114, 19, 6, 0.0000000000000000, 0.0000000000000000, '2022-01-03 11:18:08', '2022-01-03 11:18:08', NULL, NULL, NULL, 0.0000000000000000),
	(115, 20, 1, 0.0000000000000000, 0.0000000000000000, '2022-01-04 09:49:52', '2022-01-04 09:49:52', NULL, NULL, NULL, 0.0000000000000000),
	(116, 20, 2, 0.0000000000000000, 0.0000000000000000, '2022-01-04 09:49:52', '2022-01-04 09:49:52', NULL, NULL, NULL, 0.0000000000000000),
	(117, 20, 3, 0.0000000000000000, 0.0000000000000000, '2022-01-04 09:49:52', '2022-01-04 09:49:52', NULL, NULL, NULL, 0.0000000000000000),
	(118, 20, 4, 0.0000000000000000, 0.0000000000000000, '2022-01-04 09:49:52', '2022-01-04 09:49:52', NULL, NULL, NULL, 0.0000000000000000),
	(119, 20, 5, 0.0000000000000000, 0.0000000000000000, '2022-01-04 09:49:52', '2022-01-04 09:49:52', NULL, NULL, NULL, 0.0000000000000000),
	(120, 20, 6, 0.0000000000000000, 0.0000000000000000, '2022-01-04 09:49:52', '2022-01-04 09:49:52', NULL, NULL, NULL, 0.0000000000000000),
	(121, 1, 7, 0.0000000000000000, 0.0000000000000000, '2022-01-04 11:43:27', '2022-01-21 11:02:31', NULL, NULL, NULL, 0.0000000000000000),
	(122, 2, 7, 0.0000000000000000, 0.0000000000000000, '2022-01-04 11:43:28', '2022-01-04 11:43:28', NULL, NULL, NULL, 0.0000000000000000),
	(123, 3, 7, 0.0000000000000000, 0.0000000000000000, '2022-01-04 11:43:28', '2022-01-04 11:43:28', NULL, NULL, NULL, 0.0000000000000000),
	(124, 4, 7, 0.0000000000000000, 0.0000000000000000, '2022-01-04 11:43:28', '2022-01-21 11:02:31', NULL, NULL, NULL, 0.0000000000000000),
	(125, 5, 7, 0.0000000000000000, 0.0000000000000000, '2022-01-04 11:43:28', '2022-01-04 11:43:28', NULL, NULL, NULL, 0.0000000000000000),
	(126, 6, 7, 0.0000000000000000, 0.0000000000000000, '2022-01-04 11:43:28', '2022-01-21 11:02:39', NULL, NULL, 7, 0.0000000000000000),
	(127, 7, 7, 0.0000000000000000, 0.0000000000000000, '2022-01-04 11:43:28', '2022-01-04 11:43:28', NULL, NULL, NULL, 0.0000000000000000),
	(128, 8, 7, 0.0000000000000000, 0.0000000000000000, '2022-01-04 11:43:28', '2022-01-04 11:43:28', NULL, NULL, NULL, 0.0000000000000000),
	(129, 9, 7, 500.0000000000000000, 0.0000000000000000, '2022-01-04 11:43:28', '2022-02-07 07:17:59', NULL, NULL, 12, 0.0000000000000000),
	(130, 10, 7, 0.0000000000000000, 0.0000000000000000, '2022-01-04 11:43:28', '2022-01-04 11:43:28', NULL, NULL, NULL, 0.0000000000000000),
	(131, 11, 7, 0.0000000000000000, 0.0000000000000000, '2022-01-04 11:43:28', '2022-01-04 11:43:28', NULL, NULL, NULL, 0.0000000000000000),
	(132, 12, 7, 0.0000000000000000, 0.0000000000000000, '2022-01-04 11:43:28', '2022-01-04 11:43:28', NULL, NULL, NULL, 0.0000000000000000),
	(133, 13, 7, 0.0000000000000000, 0.0000000000000000, '2022-01-04 11:43:28', '2022-01-04 11:43:28', NULL, NULL, NULL, 0.0000000000000000),
	(134, 14, 7, 0.0000000000000000, 0.0000000000000000, '2022-01-04 11:43:28', '2022-01-04 11:43:28', NULL, NULL, NULL, 0.0000000000000000),
	(135, 15, 7, 0.0000000000000000, 0.0000000000000000, '2022-01-04 11:43:28', '2022-01-04 11:43:28', NULL, NULL, NULL, 0.0000000000000000),
	(136, 16, 7, 0.0000000000000000, 0.0000000000000000, '2022-01-04 11:43:28', '2022-01-04 11:43:28', NULL, NULL, NULL, 0.0000000000000000),
	(137, 17, 7, 0.0000000000000000, 0.0000000000000000, '2022-01-04 11:43:28', '2022-01-04 11:43:28', NULL, NULL, NULL, 0.0000000000000000),
	(138, 18, 7, 0.0000000000000000, 0.0000000000000000, '2022-01-04 11:43:28', '2022-01-04 11:43:28', NULL, NULL, NULL, 0.0000000000000000),
	(139, 19, 7, 0.0000000000000000, 0.0000000000000000, '2022-01-04 11:43:28', '2022-01-04 11:43:28', NULL, NULL, NULL, 0.0000000000000000),
	(140, 20, 7, 0.0000000000000000, 0.0000000000000000, '2022-01-04 11:43:28', '2022-01-04 11:43:28', NULL, NULL, NULL, 0.0000000000000000),
	(141, 21, 1, 0.0000000000000000, 0.0000000000000000, '2022-01-06 06:16:53', '2022-01-06 06:16:53', NULL, NULL, NULL, 0.0000000000000000),
	(142, 21, 2, 0.0000000000000000, 0.0000000000000000, '2022-01-06 06:16:53', '2022-01-06 06:16:53', NULL, NULL, NULL, 0.0000000000000000),
	(143, 21, 3, 0.0000000000000000, 0.0000000000000000, '2022-01-06 06:16:53', '2022-01-06 06:16:53', NULL, NULL, NULL, 0.0000000000000000),
	(144, 21, 4, 0.0000000000000000, 0.0000000000000000, '2022-01-06 06:16:53', '2022-01-06 06:16:53', NULL, NULL, NULL, 0.0000000000000000),
	(145, 21, 5, 0.0000000000000000, 0.0000000000000000, '2022-01-06 06:16:53', '2022-01-06 06:16:53', NULL, NULL, NULL, 0.0000000000000000),
	(146, 21, 6, 0.0000000000000000, 0.0000000000000000, '2022-01-06 06:16:53', '2022-01-06 06:16:53', NULL, NULL, NULL, 0.0000000000000000),
	(147, 21, 7, 0.0000000000000000, 0.0000000000000000, '2022-01-06 06:16:53', '2022-01-06 06:16:53', NULL, NULL, NULL, 0.0000000000000000),
	(148, 22, 1, 0.0000000000000000, 0.0000000000000000, '2022-01-06 15:03:21', '2022-01-06 15:03:21', NULL, NULL, NULL, 0.0000000000000000),
	(149, 22, 2, 0.0000000000000000, 0.0000000000000000, '2022-01-06 15:03:21', '2022-01-06 15:03:21', NULL, NULL, NULL, 0.0000000000000000),
	(150, 22, 3, 0.0000000000000000, 0.0000000000000000, '2022-01-06 15:03:21', '2022-01-06 15:03:21', NULL, NULL, NULL, 0.0000000000000000),
	(151, 22, 4, 0.0000000000000000, 0.0000000000000000, '2022-01-06 15:03:21', '2022-01-06 15:03:21', NULL, NULL, NULL, 0.0000000000000000),
	(152, 22, 5, 0.0000000000000000, 0.0000000000000000, '2022-01-06 15:03:21', '2022-01-06 15:03:21', NULL, NULL, NULL, 0.0000000000000000),
	(153, 22, 6, 0.0000000000000000, 0.0000000000000000, '2022-01-06 15:03:21', '2022-01-06 15:03:21', NULL, NULL, NULL, 0.0000000000000000),
	(154, 22, 7, 0.0000000000000000, 0.0000000000000000, '2022-01-06 15:03:21', '2022-01-06 15:03:21', NULL, NULL, NULL, 0.0000000000000000),
	(155, 23, 1, 0.0000000000000000, 0.0000000000000000, '2022-01-07 03:28:38', '2022-01-07 03:28:38', NULL, NULL, NULL, 0.0000000000000000),
	(156, 23, 2, 0.0000000000000000, 0.0000000000000000, '2022-01-07 03:28:38', '2022-01-07 03:28:38', NULL, NULL, NULL, 0.0000000000000000),
	(157, 23, 3, 0.0000000000000000, 0.0000000000000000, '2022-01-07 03:28:38', '2022-01-07 03:28:38', NULL, NULL, NULL, 0.0000000000000000),
	(158, 23, 4, 0.0000000000000000, 0.0000000000000000, '2022-01-07 03:28:38', '2022-01-07 03:28:38', NULL, NULL, NULL, 0.0000000000000000),
	(159, 23, 5, 0.0000000000000000, 0.0000000000000000, '2022-01-07 03:28:38', '2022-01-07 03:28:38', NULL, NULL, NULL, 0.0000000000000000),
	(160, 23, 6, 0.0000000000000000, 0.0000000000000000, '2022-01-07 03:28:38', '2022-01-07 03:28:38', NULL, NULL, NULL, 0.0000000000000000),
	(161, 23, 7, 0.0000000000000000, 0.0000000000000000, '2022-01-07 03:28:38', '2022-01-07 03:28:38', NULL, NULL, NULL, 0.0000000000000000),
	(162, 24, 1, 0.0000000000000000, 0.0000000000000000, '2022-01-07 04:38:14', '2022-01-07 04:38:14', NULL, NULL, NULL, 0.0000000000000000),
	(163, 24, 2, 0.0000000000000000, 0.0000000000000000, '2022-01-07 04:38:14', '2022-01-07 04:38:14', NULL, NULL, NULL, 0.0000000000000000),
	(164, 24, 3, 0.0000000000000000, 0.0000000000000000, '2022-01-07 04:38:14', '2022-01-07 04:38:14', NULL, NULL, NULL, 0.0000000000000000),
	(165, 24, 4, 0.0000000000000000, 0.0000000000000000, '2022-01-07 04:38:14', '2022-01-07 04:38:14', NULL, NULL, NULL, 0.0000000000000000),
	(166, 24, 5, 0.0000000000000000, 0.0000000000000000, '2022-01-07 04:38:14', '2022-01-07 04:38:14', NULL, NULL, NULL, 0.0000000000000000),
	(167, 24, 6, 0.0000000000000000, 0.0000000000000000, '2022-01-07 04:38:14', '2022-01-07 04:38:14', NULL, NULL, NULL, 0.0000000000000000),
	(168, 24, 7, 0.0000000000000000, 0.0000000000000000, '2022-01-07 04:38:14', '2022-01-07 04:38:14', NULL, NULL, NULL, 0.0000000000000000),
	(169, 25, 1, 0.0000000000000000, 0.0000000000000000, '2022-01-07 05:13:42', '2022-01-07 05:13:42', NULL, NULL, NULL, 0.0000000000000000),
	(170, 25, 2, 0.0000000000000000, 0.0000000000000000, '2022-01-07 05:13:43', '2022-01-07 05:13:43', NULL, NULL, NULL, 0.0000000000000000),
	(171, 25, 3, 0.0000000000000000, 0.0000000000000000, '2022-01-07 05:13:43', '2022-01-07 05:13:43', NULL, NULL, NULL, 0.0000000000000000),
	(172, 25, 4, 0.0000000000000000, 0.0000000000000000, '2022-01-07 05:13:43', '2022-01-07 05:13:43', NULL, NULL, NULL, 0.0000000000000000),
	(173, 25, 5, 0.0000000000000000, 0.0000000000000000, '2022-01-07 05:13:43', '2022-01-07 05:13:43', NULL, NULL, NULL, 0.0000000000000000),
	(174, 25, 6, 0.0000000000000000, 0.0000000000000000, '2022-01-07 05:13:43', '2022-01-07 05:13:43', NULL, NULL, NULL, 0.0000000000000000),
	(175, 25, 7, 0.0000000000000000, 0.0000000000000000, '2022-01-07 05:13:43', '2022-01-07 05:13:43', NULL, NULL, NULL, 0.0000000000000000),
	(176, 26, 1, 0.0000000000000000, 0.0000000000000000, '2022-01-12 07:24:48', '2022-01-12 07:24:48', NULL, NULL, NULL, 0.0000000000000000),
	(177, 26, 2, 0.0000000000000000, 0.0000000000000000, '2022-01-12 07:24:48', '2022-01-12 07:24:48', NULL, NULL, NULL, 0.0000000000000000),
	(178, 26, 3, 0.0000000000000000, 0.0000000000000000, '2022-01-12 07:24:48', '2022-01-12 07:24:48', NULL, NULL, NULL, 0.0000000000000000),
	(179, 26, 4, 0.0000000000000000, 0.0000000000000000, '2022-01-12 07:24:48', '2022-01-12 07:24:48', NULL, NULL, NULL, 0.0000000000000000),
	(180, 26, 5, 0.0000000000000000, 0.0000000000000000, '2022-01-12 07:24:48', '2022-01-12 07:24:48', NULL, NULL, NULL, 0.0000000000000000),
	(181, 26, 6, 0.0000000000000000, 0.0000000000000000, '2022-01-12 07:24:48', '2022-01-12 07:24:48', NULL, NULL, NULL, 0.0000000000000000),
	(182, 26, 7, 0.0000000000000000, 0.0000000000000000, '2022-01-12 07:24:48', '2022-01-12 07:24:48', NULL, NULL, NULL, 0.0000000000000000),
	(183, 27, 1, 0.0000000000000000, 0.0000000000000000, '2022-01-12 07:42:15', '2022-01-12 07:42:15', NULL, NULL, NULL, 0.0000000000000000),
	(184, 27, 2, 0.0000000000000000, 0.0000000000000000, '2022-01-12 07:42:15', '2022-01-12 07:42:15', NULL, NULL, NULL, 0.0000000000000000),
	(185, 27, 3, 0.0000000000000000, 0.0000000000000000, '2022-01-12 07:42:15', '2022-01-12 07:42:15', NULL, NULL, NULL, 0.0000000000000000),
	(186, 27, 4, 0.0000000000000000, 0.0000000000000000, '2022-01-12 07:42:15', '2022-01-12 07:42:15', NULL, NULL, NULL, 0.0000000000000000),
	(187, 27, 5, 0.0000000000000000, 0.0000000000000000, '2022-01-12 07:42:15', '2022-01-12 07:42:15', NULL, NULL, NULL, 0.0000000000000000),
	(188, 27, 6, 0.0000000000000000, 0.0000000000000000, '2022-01-12 07:42:15', '2022-01-12 07:42:15', NULL, NULL, NULL, 0.0000000000000000),
	(189, 27, 7, 0.0000000000000000, 0.0000000000000000, '2022-01-12 07:42:15', '2022-01-12 07:42:15', NULL, NULL, NULL, 0.0000000000000000),
	(190, 28, 1, 0.0000000000000000, 0.0000000000000000, '2022-01-20 10:11:22', '2022-01-22 07:09:10', NULL, NULL, 8, 0.0000000000000000),
	(191, 28, 2, 0.0000000000000000, 0.0000000000000000, '2022-01-20 10:11:22', '2022-01-21 11:02:32', NULL, NULL, NULL, 0.0000000000000000),
	(192, 28, 3, 0.0000000000000000, 0.0000000000000000, '2022-01-20 10:11:22', '2022-01-21 11:02:32', NULL, NULL, NULL, 0.0000000000000000),
	(193, 28, 4, 0.0000000000000000, 0.0000000000000000, '2022-01-20 10:11:22', '2022-01-21 11:02:32', NULL, NULL, NULL, 0.0000000000000000),
	(194, 28, 5, 0.0000000000000000, 0.0000000000000000, '2022-01-20 10:11:22', '2022-01-21 11:02:32', NULL, NULL, NULL, 0.0000000000000000),
	(195, 28, 6, 0.0000000000000000, 0.0000000000000000, '2022-01-20 10:11:22', '2022-01-21 11:02:32', NULL, NULL, NULL, 0.0000000000000000),
	(196, 28, 7, 0.0000000000000000, 0.0000000000000000, '2022-01-20 10:11:22', '2022-01-21 11:02:32', NULL, NULL, NULL, 0.0000005000000000),
	(197, 29, 1, 0.0000000000000000, 0.0000000000000000, '2022-01-20 10:22:51', '2022-01-21 11:02:32', NULL, NULL, NULL, 0.0000000000000000),
	(198, 29, 2, 0.0000000000000000, 0.0000000000000000, '2022-01-20 10:22:51', '2022-01-21 11:02:32', NULL, NULL, NULL, 0.0000000000000000),
	(199, 29, 3, 0.0000000000000000, 0.0000000000000000, '2022-01-20 10:22:51', '2022-01-21 11:02:32', NULL, NULL, NULL, 0.0000000000000000),
	(200, 29, 4, 0.0000000000000000, 0.0000000000000000, '2022-01-20 10:22:51', '2022-01-21 11:02:32', NULL, NULL, NULL, 0.0000000000000000),
	(201, 29, 5, 0.0000000000000000, 0.0000000000000000, '2022-01-20 10:22:51', '2022-01-21 11:02:32', NULL, NULL, NULL, 0.0000000000000000),
	(202, 29, 6, 0.0000000000000000, 0.0000000000000000, '2022-01-20 10:22:51', '2022-01-21 11:02:32', NULL, NULL, NULL, 0.0000000000000000),
	(203, 29, 7, 0.0000000000000000, 0.0000000000000000, '2022-01-20 10:22:51', '2022-01-21 11:02:32', NULL, NULL, NULL, 0.0000000000000000),
	(204, 1, 8, 0.0000000000000000, 0.0000000000000000, '2022-02-04 06:59:42', '2022-02-04 06:59:42', NULL, NULL, NULL, 0.0000000000000000),
	(205, 2, 8, 0.0000000000000000, 0.0000000000000000, '2022-02-04 06:59:42', '2022-02-04 06:59:42', NULL, NULL, NULL, 0.0000000000000000),
	(206, 3, 8, 0.0000000000000000, 0.0000000000000000, '2022-02-04 06:59:42', '2022-02-04 06:59:42', NULL, NULL, NULL, 0.0000000000000000),
	(207, 4, 8, 0.0000000000000000, 0.0000000000000000, '2022-02-04 06:59:42', '2022-02-04 06:59:42', NULL, NULL, NULL, 0.0000000000000000),
	(208, 5, 8, 0.0000000000000000, 0.0000000000000000, '2022-02-04 06:59:42', '2022-02-04 06:59:42', NULL, NULL, NULL, 0.0000000000000000),
	(209, 6, 8, 0.0000000000000000, 0.0000000000000000, '2022-02-04 06:59:42', '2022-02-04 06:59:42', NULL, NULL, NULL, 0.0000000000000000),
	(210, 7, 8, 0.0000000000000000, 0.0000000000000000, '2022-02-04 06:59:43', '2022-02-04 06:59:43', NULL, NULL, NULL, 0.0000000000000000),
	(211, 8, 8, 0.0000000000000000, 0.0000000000000000, '2022-02-04 06:59:43', '2022-02-04 06:59:43', NULL, NULL, NULL, 0.0000000000000000),
	(212, 9, 8, 0.0000000000000000, 0.0000000000000000, '2022-02-04 06:59:43', '2022-02-04 06:59:43', NULL, NULL, NULL, 0.0000000000000000),
	(213, 10, 8, 0.0000000000000000, 0.0000000000000000, '2022-02-04 06:59:43', '2022-02-04 06:59:43', NULL, NULL, NULL, 0.0000000000000000),
	(214, 11, 8, 0.0000000000000000, 0.0000000000000000, '2022-02-04 06:59:43', '2022-02-04 06:59:43', NULL, NULL, NULL, 0.0000000000000000),
	(215, 12, 8, 0.0000000000000000, 0.0000000000000000, '2022-02-04 06:59:43', '2022-02-04 06:59:43', NULL, NULL, NULL, 0.0000000000000000),
	(216, 13, 8, 0.0000000000000000, 0.0000000000000000, '2022-02-04 06:59:43', '2022-02-04 06:59:43', NULL, NULL, NULL, 0.0000000000000000),
	(217, 14, 8, 0.0000000000000000, 0.0000000000000000, '2022-02-04 06:59:43', '2022-02-04 06:59:43', NULL, NULL, NULL, 0.0000000000000000),
	(218, 15, 8, 0.0000000000000000, 0.0000000000000000, '2022-02-04 06:59:43', '2022-02-04 06:59:43', NULL, NULL, NULL, 0.0000000000000000),
	(219, 16, 8, 0.0000000000000000, 0.0000000000000000, '2022-02-04 06:59:43', '2022-02-04 06:59:43', NULL, NULL, NULL, 0.0000000000000000),
	(220, 17, 8, 0.0000000000000000, 0.0000000000000000, '2022-02-04 06:59:43', '2022-02-04 06:59:43', NULL, NULL, NULL, 0.0000000000000000),
	(221, 18, 8, 0.0000000000000000, 0.0000000000000000, '2022-02-04 06:59:43', '2022-02-04 06:59:43', NULL, NULL, NULL, 0.0000000000000000),
	(222, 19, 8, 0.0000000000000000, 0.0000000000000000, '2022-02-04 06:59:43', '2022-02-04 06:59:43', NULL, NULL, NULL, 0.0000000000000000),
	(223, 20, 8, 0.0000000000000000, 0.0000000000000000, '2022-02-04 06:59:43', '2022-02-04 06:59:43', NULL, NULL, NULL, 0.0000000000000000),
	(224, 21, 8, 0.0000000000000000, 0.0000000000000000, '2022-02-04 06:59:43', '2022-02-04 06:59:43', NULL, NULL, NULL, 0.0000000000000000),
	(225, 22, 8, 0.0000000000000000, 0.0000000000000000, '2022-02-04 06:59:43', '2022-02-04 06:59:43', NULL, NULL, NULL, 0.0000000000000000),
	(226, 23, 8, 0.0000000000000000, 0.0000000000000000, '2022-02-04 06:59:43', '2022-02-04 06:59:43', NULL, NULL, NULL, 0.0000000000000000),
	(227, 24, 8, 0.0000000000000000, 0.0000000000000000, '2022-02-04 06:59:43', '2022-02-04 06:59:43', NULL, NULL, NULL, 0.0000000000000000),
	(228, 25, 8, 0.0000000000000000, 0.0000000000000000, '2022-02-04 06:59:43', '2022-02-04 06:59:43', NULL, NULL, NULL, 0.0000000000000000),
	(229, 26, 8, 0.0000000000000000, 0.0000000000000000, '2022-02-04 06:59:43', '2022-02-04 06:59:43', NULL, NULL, NULL, 0.0000000000000000),
	(230, 27, 8, 0.0000000000000000, 0.0000000000000000, '2022-02-04 06:59:43', '2022-02-04 06:59:43', NULL, NULL, NULL, 0.0000000000000000),
	(231, 28, 8, 0.0000000000000000, 0.0000000000000000, '2022-02-04 06:59:43', '2022-02-04 06:59:43', NULL, NULL, NULL, 0.0000000000000000),
	(232, 29, 8, 0.0000000000000000, 0.0000000000000000, '2022-02-04 06:59:43', '2022-02-04 06:59:43', NULL, NULL, NULL, 0.0000000000000000),
	(233, 30, 1, 0.0000000000000000, 0.0000000000000000, '2022-02-07 07:42:13', '2022-02-07 07:42:13', NULL, NULL, NULL, 0.0000000000000000),
	(234, 30, 2, 0.0000000000000000, 0.0000000000000000, '2022-02-07 07:42:13', '2022-02-07 07:42:13', NULL, NULL, NULL, 0.0000000000000000),
	(235, 30, 6, 0.0000000000000000, 0.0000000000000000, '2022-02-07 07:42:13', '2022-02-07 07:42:13', NULL, NULL, NULL, 0.0000000000000000),
	(236, 30, 7, 0.0000000000000000, 0.0000000000000000, '2022-02-07 07:42:13', '2022-02-07 07:42:13', NULL, NULL, NULL, 0.0000000000000000),
	(237, 30, 8, 0.0000000000000000, 0.0000000000000000, '2022-02-07 07:42:13', '2022-02-07 07:42:13', NULL, NULL, NULL, 0.0000000000000000),
	(238, 31, 1, 0.0000000000000000, 0.0000000000000000, '2022-02-08 03:49:26', '2022-02-08 03:49:26', NULL, NULL, NULL, 0.0000000000000000),
	(239, 31, 2, 0.0000000000000000, 0.0000000000000000, '2022-02-08 03:49:26', '2022-02-08 03:49:26', NULL, NULL, NULL, 0.0000000000000000),
	(240, 31, 6, 0.0000000000000000, 0.0000000000000000, '2022-02-08 03:49:26', '2022-02-08 03:49:26', NULL, NULL, NULL, 0.0000000000000000),
	(241, 31, 7, 0.0000000000000000, 0.0000000000000000, '2022-02-08 03:49:26', '2022-02-08 03:49:26', NULL, NULL, NULL, 0.0000000000000000),
	(242, 31, 8, 0.0000000000000000, 0.0000000000000000, '2022-02-08 03:49:26', '2022-02-08 03:49:26', NULL, NULL, NULL, 0.0000000000000000),
	(243, 32, 1, 0.0000000000000000, 0.0000000000000000, '2022-02-08 10:24:16', '2022-02-08 10:24:16', NULL, NULL, NULL, 0.0000000000000000),
	(244, 32, 2, 0.0000000000000000, 0.0000000000000000, '2022-02-08 10:24:16', '2022-02-08 10:24:16', NULL, NULL, NULL, 0.0000000000000000),
	(245, 32, 6, 0.0000000000000000, 0.0000000000000000, '2022-02-08 10:24:16', '2022-02-08 10:24:16', NULL, NULL, NULL, 0.0000000000000000),
	(246, 32, 7, 0.0000000000000000, 0.0000000000000000, '2022-02-08 10:24:16', '2022-02-08 10:24:16', NULL, NULL, NULL, 0.0000000000000000),
	(247, 32, 8, 0.0000000000000000, 0.0000000000000000, '2022-02-08 10:24:16', '2022-02-08 10:24:16', NULL, NULL, NULL, 0.0000000000000000),
	(248, 33, 1, 0.0000000000000000, 0.0000000000000000, '2022-02-08 10:40:42', '2022-02-08 10:40:42', NULL, NULL, NULL, 0.0000000000000000),
	(249, 33, 2, 0.0000000000000000, 0.0000000000000000, '2022-02-08 10:40:42', '2022-02-08 10:40:42', NULL, NULL, NULL, 0.0000000000000000),
	(250, 33, 6, 0.0000000000000000, 0.0000000000000000, '2022-02-08 10:40:42', '2022-02-08 10:40:42', NULL, NULL, NULL, 0.0000000000000000),
	(251, 33, 7, 0.0000000000000000, 0.0000000000000000, '2022-02-08 10:40:42', '2022-02-08 10:40:42', NULL, NULL, NULL, 0.0000000000000000),
	(252, 33, 8, 0.0000000000000000, 0.0000000000000000, '2022-02-08 10:40:42', '2022-02-08 10:40:42', NULL, NULL, NULL, 0.0000000000000000),
	(253, 34, 1, 0.0000000000000000, 0.0000000000000000, '2022-02-09 02:26:52', '2022-02-09 02:26:52', NULL, NULL, NULL, 0.0000000000000000),
	(254, 34, 2, 0.0000000000000000, 0.0000000000000000, '2022-02-09 02:26:52', '2022-02-09 02:26:52', NULL, NULL, NULL, 0.0000000000000000),
	(255, 34, 6, 0.0000000000000000, 0.0000000000000000, '2022-02-09 02:26:52', '2022-02-09 02:26:52', NULL, NULL, NULL, 0.0000000000000000),
	(256, 34, 7, 0.0000000000000000, 0.0000000000000000, '2022-02-09 02:26:52', '2022-02-09 02:26:52', NULL, NULL, NULL, 0.0000000000000000),
	(257, 34, 8, 0.0000000000000000, 0.0000000000000000, '2022-02-09 02:26:52', '2022-02-09 02:26:52', NULL, NULL, NULL, 0.0000000000000000),
	(258, 35, 1, 0.0000000000000000, 0.0000000000000000, '2022-02-10 11:01:34', '2022-02-10 11:01:34', NULL, NULL, NULL, 0.0000000000000000),
	(259, 35, 2, 0.0000000000000000, 0.0000000000000000, '2022-02-10 11:01:34', '2022-02-10 11:01:34', NULL, NULL, NULL, 0.0000000000000000),
	(260, 35, 6, 0.0000000000000000, 0.0000000000000000, '2022-02-10 11:01:34', '2022-02-10 11:01:34', NULL, NULL, NULL, 0.0000000000000000),
	(261, 35, 7, 0.0000000000000000, 0.0000000000000000, '2022-02-10 11:01:34', '2022-02-10 11:01:34', NULL, NULL, NULL, 0.0000000000000000),
	(262, 35, 8, 0.0000000000000000, 0.0000000000000000, '2022-02-10 11:01:34', '2022-02-10 11:01:34', NULL, NULL, NULL, 0.0000000000000000),
	(263, 50, 1, NULL, NULL, NULL, NULL, NULL, NULL, NULL, 0.0000000000000000),
	(264, 50, 2, NULL, NULL, NULL, NULL, NULL, NULL, NULL, 0.0000000000000000),
	(265, 50, 6, NULL, NULL, NULL, NULL, NULL, NULL, NULL, 0.0000000000000000),
	(266, 50, 7, NULL, NULL, NULL, NULL, NULL, NULL, NULL, 0.0000000000000000),
	(267, 50, 8, NULL, NULL, NULL, NULL, NULL, NULL, NULL, 0.0000000000000000),
	(268, 51, 1, NULL, NULL, NULL, NULL, NULL, NULL, NULL, 0.0000000000000000),
	(269, 51, 2, NULL, NULL, NULL, NULL, NULL, NULL, NULL, 0.0000000000000000),
	(270, 51, 6, NULL, NULL, NULL, NULL, NULL, NULL, NULL, 0.0000000000000000),
	(271, 51, 7, NULL, NULL, NULL, NULL, NULL, NULL, NULL, 0.0000000000000000),
	(272, 51, 8, NULL, NULL, NULL, NULL, NULL, NULL, NULL, 0.0000000000000000),
	(273, 52, 1, NULL, NULL, '2022-02-17 16:17:12', '2022-02-17 16:17:12', NULL, NULL, NULL, 0.0000000000000000),
	(274, 52, 2, NULL, NULL, '2022-02-17 16:17:12', '2022-02-17 16:17:12', NULL, NULL, NULL, 0.0000000000000000),
	(275, 52, 6, NULL, NULL, '2022-02-17 16:17:12', '2022-02-17 16:17:12', NULL, NULL, NULL, 0.0000000000000000),
	(276, 52, 7, NULL, NULL, '2022-02-17 16:17:12', '2022-02-17 16:17:12', NULL, NULL, NULL, 0.0000000000000000),
	(277, 52, 8, NULL, NULL, '2022-02-17 16:17:12', '2022-02-17 16:17:12', NULL, NULL, NULL, 0.0000000000000000),
	(278, 53, 1, 0.0000000000000000, 0.0000000000000000, '2022-02-17 16:21:22', '2022-02-17 16:21:22', 0.0000000000000000, 0.0000000000000000, NULL, 0.0000000000000000),
	(279, 53, 2, 0.0000000000000000, 0.0000000000000000, '2022-02-17 16:21:22', '2022-02-17 16:21:22', 0.0000000000000000, 0.0000000000000000, NULL, 0.0000000000000000),
	(280, 53, 6, 0.0000000000000000, 0.0000000000000000, '2022-02-17 16:21:22', '2022-02-17 16:21:22', 0.0000000000000000, 0.0000000000000000, NULL, 0.0000000000000000),
	(281, 53, 7, 0.0000000000000000, 0.0000000000000000, '2022-02-17 16:21:22', '2022-02-17 16:21:22', 0.0000000000000000, 0.0000000000000000, NULL, 0.0000000000000000),
	(282, 53, 8, 0.0000000000000000, 0.0000000000000000, '2022-02-17 16:21:22', '2022-02-17 16:21:22', 0.0000000000000000, 0.0000000000000000, NULL, 0.0000000000000000),
	(283, 54, 1, 0.0000000000000000, 0.0000000000000000, '2022-02-18 03:46:06', '2022-02-18 03:46:06', 0.0000000000000000, 0.0000000000000000, NULL, 0.0000000000000000),
	(284, 54, 2, 0.0000000000000000, 0.0000000000000000, '2022-02-18 03:46:06', '2022-02-18 03:46:06', 0.0000000000000000, 0.0000000000000000, NULL, 0.0000000000000000),
	(285, 54, 6, 0.0000000000000000, 0.0000000000000000, '2022-02-18 03:46:06', '2022-02-18 03:46:06', 0.0000000000000000, 0.0000000000000000, NULL, 0.0000000000000000),
	(286, 54, 7, 0.0000000000000000, 0.0000000000000000, '2022-02-18 03:46:06', '2022-02-18 03:46:06', 0.0000000000000000, 0.0000000000000000, NULL, 0.0000000000000000),
	(287, 54, 8, 0.0000000000000000, 0.0000000000000000, '2022-02-18 03:46:06', '2022-02-18 03:46:06', 0.0000000000000000, 0.0000000000000000, NULL, 0.0000000000000000),
	(288, 55, 1, 0.0000000000000000, 0.0000000000000000, '2022-02-18 05:14:12', '2022-02-18 05:14:12', 0.0000000000000000, 0.0000000000000000, NULL, 0.0000000000000000),
	(289, 55, 2, 0.0000000000000000, 0.0000000000000000, '2022-02-18 05:14:12', '2022-02-18 05:14:12', 0.0000000000000000, 0.0000000000000000, NULL, 0.0000000000000000),
	(290, 55, 6, 0.0000000000000000, 0.0000000000000000, '2022-02-18 05:14:12', '2022-02-18 05:14:12', 0.0000000000000000, 0.0000000000000000, NULL, 0.0000000000000000),
	(291, 55, 7, 0.0000000000000000, 0.0000000000000000, '2022-02-18 05:14:12', '2022-02-18 05:14:12', 0.0000000000000000, 0.0000000000000000, NULL, 0.0000000000000000),
	(292, 55, 8, 0.0000000000000000, 0.0000000000000000, '2022-02-18 05:14:12', '2022-02-18 05:14:12', 0.0000000000000000, 0.0000000000000000, NULL, 0.0000000000000000),
	(293, 57, 1, 0.0000000000000000, 0.0000000000000000, '2022-02-18 10:01:44', '2022-02-18 10:01:44', 0.0000000000000000, 0.0000000000000000, NULL, 0.0000000000000000),
	(294, 57, 2, 0.0000000000000000, 0.0000000000000000, '2022-02-18 10:01:44', '2022-02-18 10:01:44', 0.0000000000000000, 0.0000000000000000, NULL, 0.0000000000000000),
	(295, 57, 6, 0.0000000000000000, 0.0000000000000000, '2022-02-18 10:01:44', '2022-02-18 10:01:44', 0.0000000000000000, 0.0000000000000000, NULL, 0.0000000000000000),
	(296, 57, 7, 0.0000000000000000, 0.0000000000000000, '2022-02-18 10:01:44', '2022-02-18 10:01:44', 0.0000000000000000, 0.0000000000000000, NULL, 0.0000000000000000),
	(297, 57, 8, 0.0000000000000000, 0.0000000000000000, '2022-02-18 10:01:44', '2022-02-18 10:01:44', 0.0000000000000000, 0.0000000000000000, NULL, 0.0000000000000000),
	(298, 58, 1, 0.0000000000000000, 0.0000000000000000, '2022-02-21 01:24:02', '2022-02-25 11:12:50', 0.0000000000000000, 0.0000000000000000, NULL, 0.0000000000000000),
	(299, 58, 2, 0.0000000000000000, 0.0000000000000000, '2022-02-21 01:24:02', '2022-02-21 01:24:02', 0.0000000000000000, 0.0000000000000000, NULL, 0.0000000000000000),
	(300, 58, 6, 0.0000000000000000, 0.0000000000000000, '2022-02-21 01:24:02', '2022-02-21 01:24:02', 0.0000000000000000, 0.0000000000000000, NULL, 0.0000000000000000),
	(301, 58, 7, 0.0000000000000000, 0.0000000000000000, '2022-02-21 01:24:02', '2022-02-21 01:24:02', 0.0000000000000000, 0.0000000000000000, NULL, 0.0000000000000000),
	(302, 58, 8, 0.0000000000000000, 0.0000000000000000, '2022-02-21 01:24:02', '2022-02-21 01:24:02', 0.0000000000000000, 0.0000000000000000, NULL, 0.0000000000000000),
	(303, 59, 1, 0.0000000000000000, 0.0000000000000000, '2022-02-22 01:07:32', '2022-02-25 10:10:57', 0.0000000000000000, 0.0000000000000000, NULL, 0.0000000000000000),
	(304, 59, 2, 0.0000000000000000, 0.0000000000000000, '2022-02-22 01:07:32', '2022-02-22 01:07:32', 0.0000000000000000, 0.0000000000000000, NULL, 0.0000000000000000),
	(305, 59, 6, 0.0000000000000000, 0.0000000000000000, '2022-02-22 01:07:32', '2022-02-22 01:07:32', 0.0000000000000000, 0.0000000000000000, NULL, 0.0000000000000000),
	(306, 59, 7, 0.0000000000000000, 0.0000000000000000, '2022-02-22 01:07:32', '2022-02-22 01:07:32', 0.0000000000000000, 0.0000000000000000, NULL, 0.0000000000000000),
	(307, 59, 8, 0.0000000000000000, 0.0000000000000000, '2022-02-22 01:07:32', '2022-02-22 01:07:32', 0.0000000000000000, 0.0000000000000000, NULL, 0.0000000000000000),
	(308, 60, 1, 0.0000000000000000, 0.0000000000000000, '2022-02-22 09:08:35', '2022-02-22 09:08:35', 0.0000000000000000, 0.0000000000000000, NULL, 0.0000000000000000),
	(309, 60, 2, 0.0000000000000000, 0.0000000000000000, '2022-02-22 09:08:35', '2022-02-22 09:08:35', 0.0000000000000000, 0.0000000000000000, NULL, 0.0000000000000000),
	(310, 60, 6, 0.0000000000000000, 0.0000000000000000, '2022-02-22 09:08:35', '2022-02-22 09:08:35', 0.0000000000000000, 0.0000000000000000, NULL, 0.0000000000000000),
	(311, 60, 7, 0.0000000000000000, 0.0000000000000000, '2022-02-22 09:08:35', '2022-02-22 09:08:35', 0.0000000000000000, 0.0000000000000000, NULL, 0.0000000000000000),
	(312, 60, 8, 0.0000000000000000, 0.0000000000000000, '2022-02-22 09:08:35', '2022-02-22 09:08:35', 0.0000000000000000, 0.0000000000000000, NULL, 0.0000000000000000),
	(313, 61, 1, 0.0000000000000000, 0.0000000000000000, '2022-02-22 17:12:59', '2022-02-22 17:12:59', 0.0000000000000000, 0.0000000000000000, NULL, 0.0000000000000000),
	(314, 61, 2, 0.0000000000000000, 0.0000000000000000, '2022-02-22 17:12:59', '2022-02-22 17:12:59', 0.0000000000000000, 0.0000000000000000, NULL, 0.0000000000000000),
	(315, 61, 6, 0.0000000000000000, 0.0000000000000000, '2022-02-22 17:12:59', '2022-02-22 17:12:59', 0.0000000000000000, 0.0000000000000000, NULL, 0.0000000000000000),
	(316, 61, 7, 0.0000000000000000, 0.0000000000000000, '2022-02-22 17:12:59', '2022-02-22 17:12:59', 0.0000000000000000, 0.0000000000000000, NULL, 0.0000000000000000),
	(317, 61, 8, 0.0000000000000000, 0.0000000000000000, '2022-02-22 17:12:59', '2022-02-22 17:12:59', 0.0000000000000000, 0.0000000000000000, NULL, 0.0000000000000000),
	(318, 62, 1, 0.0000000000000000, 0.0000000000000000, '2022-02-23 05:21:50', '2022-02-23 05:21:50', 0.0000000000000000, 0.0000000000000000, NULL, 0.0000000000000000),
	(319, 62, 2, 3.0099159999804700, 0.0000000000000000, '2022-02-23 05:21:50', '2022-02-25 10:51:30', 0.0000000000000000, 0.0000000000000000, NULL, 0.0000000000000000),
	(320, 62, 6, 0.0000000000000000, 0.0000000000000000, '2022-02-23 05:21:50', '2022-02-23 05:21:50', 0.0000000000000000, 0.0000000000000000, NULL, 0.0000000000000000),
	(321, 62, 7, 0.0000000000000000, 0.0000000000000000, '2022-02-23 05:21:50', '2022-02-23 05:21:50', 0.0000000000000000, 0.0000000000000000, NULL, 0.0000000000000000),
	(322, 62, 8, 0.0000000000000000, 0.0000000000000000, '2022-02-23 05:21:50', '2022-02-23 05:21:50', 0.0000000000000000, 0.0000000000000000, NULL, 0.0000000000000000),
	(323, 63, 1, 0.0000000000000000, 0.0000000000000000, '2022-02-23 05:32:27', '2022-02-25 11:18:51', 0.0000000000000000, 0.0000000000000000, NULL, 0.0000000000000000),
	(324, 63, 2, 5.9991599999497270, 0.0000000000000000, '2022-02-23 05:32:27', '2022-02-25 10:50:41', 0.0000000000000000, 0.0000000000000000, NULL, 0.0000000000000000),
	(325, 63, 6, 0.0000000000000000, 0.0000000000000000, '2022-02-23 05:32:27', '2022-02-23 05:32:27', 0.0000000000000000, 0.0000000000000000, NULL, 0.0000000000000000),
	(326, 63, 7, 0.0000000000000000, 0.0000000000000000, '2022-02-23 05:32:27', '2022-02-23 05:32:27', 0.0000000000000000, 0.0000000000000000, NULL, 0.0000000000000000),
	(327, 63, 8, 0.0000000000000000, 0.0000000000000000, '2022-02-23 05:32:27', '2022-02-23 05:32:27', 0.0000000000000000, 0.0000000000000000, NULL, 0.0000000000000000),
	(328, 64, 1, 0.0000000000000000, 0.0000000000000000, '2022-02-23 17:53:45', '2022-02-23 17:53:45', 0.0000000000000000, 0.0000000000000000, NULL, 0.0000000000000000),
	(329, 64, 2, 0.0000000000000000, 0.0000000000000000, '2022-02-23 17:53:45', '2022-02-23 17:53:45', 0.0000000000000000, 0.0000000000000000, NULL, 0.0000000000000000),
	(330, 64, 6, 0.0000000000000000, 0.0000000000000000, '2022-02-23 17:53:45', '2022-02-23 17:53:45', 0.0000000000000000, 0.0000000000000000, NULL, 0.0000000000000000),
	(331, 64, 7, 0.0000000000000000, 0.0000000000000000, '2022-02-23 17:53:45', '2022-02-23 17:53:45', 0.0000000000000000, 0.0000000000000000, NULL, 0.0000000000000000),
	(332, 64, 8, 0.0000000000000000, 0.0000000000000000, '2022-02-23 17:53:45', '2022-02-23 17:53:45', 0.0000000000000000, 0.0000000000000000, NULL, 0.0000000000000000),
	(333, 65, 1, 0.0000000000000000, 0.0000000000000000, '2022-02-23 17:55:40', '2022-02-23 17:55:40', 0.0000000000000000, 0.0000000000000000, NULL, 0.0000000000000000),
	(334, 65, 2, 0.0000000000000000, 0.0000000000000000, '2022-02-23 17:55:40', '2022-02-23 17:55:40', 0.0000000000000000, 0.0000000000000000, NULL, 0.0000000000000000),
	(335, 65, 6, 0.0000000000000000, 0.0000000000000000, '2022-02-23 17:55:40', '2022-02-23 17:55:40', 0.0000000000000000, 0.0000000000000000, NULL, 0.0000000000000000),
	(336, 65, 7, 0.0000000000000000, 0.0000000000000000, '2022-02-23 17:55:40', '2022-02-23 17:55:40', 0.0000000000000000, 0.0000000000000000, NULL, 0.0000000000000000),
	(337, 65, 8, 0.0000000000000000, 0.0000000000000000, '2022-02-23 17:55:40', '2022-02-23 17:55:40', 0.0000000000000000, 0.0000000000000000, NULL, 0.0000000000000000),
	(338, 66, 1, 0.0000000000000000, 0.0000000000000000, '2022-02-23 18:01:16', '2022-02-23 18:01:16', 0.0000000000000000, 0.0000000000000000, NULL, 0.0000000000000000),
	(339, 66, 2, 0.0000000000000000, 0.0000000000000000, '2022-02-23 18:01:16', '2022-02-23 18:01:16', 0.0000000000000000, 0.0000000000000000, NULL, 0.0000000000000000),
	(340, 66, 6, 0.0000000000000000, 0.0000000000000000, '2022-02-23 18:01:16', '2022-02-23 18:01:16', 0.0000000000000000, 0.0000000000000000, NULL, 0.0000000000000000),
	(341, 66, 7, 0.0000000000000000, 0.0000000000000000, '2022-02-23 18:01:16', '2022-02-23 18:01:16', 0.0000000000000000, 0.0000000000000000, NULL, 0.0000000000000000),
	(342, 66, 8, 0.0000000000000000, 0.0000000000000000, '2022-02-23 18:01:16', '2022-02-23 18:01:16', 0.0000000000000000, 0.0000000000000000, NULL, 0.0000000000000000),
	(343, 67, 1, 0.0000000000000000, 0.0000000000000000, '2022-02-24 09:22:24', '2022-02-24 09:22:24', 0.0000000000000000, 0.0000000000000000, NULL, 0.0000000000000000),
	(344, 67, 2, 0.0000000000000000, 0.0000000000000000, '2022-02-24 09:22:24', '2022-02-24 09:22:24', 0.0000000000000000, 0.0000000000000000, NULL, 0.0000000000000000),
	(345, 67, 6, 0.0000000000000000, 0.0000000000000000, '2022-02-24 09:22:24', '2022-02-24 09:22:24', 0.0000000000000000, 0.0000000000000000, NULL, 0.0000000000000000),
	(346, 67, 7, 0.0000000000000000, 0.0000000000000000, '2022-02-24 09:22:24', '2022-02-24 09:22:24', 0.0000000000000000, 0.0000000000000000, NULL, 0.0000000000000000),
	(347, 67, 8, 0.0000000000000000, 0.0000000000000000, '2022-02-24 09:22:24', '2022-02-24 09:22:24', 0.0000000000000000, 0.0000000000000000, NULL, 0.0000000000000000),
	(348, 68, 1, 0.0000000000000000, 0.0000000000000000, '2022-02-24 09:23:51', '2022-02-24 09:23:51', 0.0000000000000000, 0.0000000000000000, NULL, 0.0000000000000000),
	(349, 68, 2, 0.0000000000000000, 0.0000000000000000, '2022-02-24 09:23:51', '2022-02-24 09:23:51', 0.0000000000000000, 0.0000000000000000, NULL, 0.0000000000000000),
	(350, 68, 6, 0.0000000000000000, 0.0000000000000000, '2022-02-24 09:23:51', '2022-02-24 09:23:51', 0.0000000000000000, 0.0000000000000000, NULL, 0.0000000000000000),
	(351, 68, 7, 0.0000000000000000, 0.0000000000000000, '2022-02-24 09:23:51', '2022-02-24 09:23:51', 0.0000000000000000, 0.0000000000000000, NULL, 0.0000000000000000),
	(352, 68, 8, 0.0000000000000000, 0.0000000000000000, '2022-02-24 09:23:51', '2022-02-24 09:23:51', 0.0000000000000000, 0.0000000000000000, NULL, 0.0000000000000000),
	(353, 69, 1, 0.0000000000000000, 0.0000000000000000, '2022-02-24 09:26:16', '2022-02-24 09:26:16', 0.0000000000000000, 0.0000000000000000, NULL, 0.0000000000000000),
	(354, 69, 2, 0.0000000000000000, 0.0000000000000000, '2022-02-24 09:26:16', '2022-02-24 09:26:16', 0.0000000000000000, 0.0000000000000000, NULL, 0.0000000000000000),
	(355, 69, 6, 0.0000000000000000, 0.0000000000000000, '2022-02-24 09:26:16', '2022-02-24 09:26:16', 0.0000000000000000, 0.0000000000000000, NULL, 0.0000000000000000),
	(356, 69, 7, 0.0000000000000000, 0.0000000000000000, '2022-02-24 09:26:16', '2022-02-24 09:26:16', 0.0000000000000000, 0.0000000000000000, NULL, 0.0000000000000000),
	(357, 69, 8, 0.0000000000000000, 0.0000000000000000, '2022-02-24 09:26:16', '2022-02-24 09:26:16', 0.0000000000000000, 0.0000000000000000, NULL, 0.0000000000000000),
	(358, 70, 1, 0.0000000000000000, 0.0000000000000000, '2022-02-24 09:48:37', '2022-02-24 09:48:37', 0.0000000000000000, 0.0000000000000000, NULL, 0.0000000000000000),
	(359, 70, 2, 0.2000000000000000, 0.0000000000000000, '2022-02-24 09:48:37', '2022-03-04 18:19:56', 0.0000000000000000, 0.0000000000000000, NULL, 0.0000000000000000),
	(360, 70, 6, 20.0000000000000000, 0.0000000000000000, '2022-02-24 09:48:37', '2022-03-04 18:17:07', 0.0000000000000000, 0.0000000000000000, NULL, 0.0000000000000000),
	(361, 70, 7, 500.0000000000000000, 0.0000000000000000, '2022-02-24 09:48:37', '2022-03-04 18:16:38', 0.0000000000000000, 0.0000000000000000, NULL, 0.0000000000000000),
	(362, 70, 8, 1.0000000000000000, 0.0000000000000000, '2022-02-24 09:48:37', '2022-03-04 18:23:42', 0.0000000000000000, 0.0000000000000000, NULL, 0.0000000000000000),
	(363, 71, 1, 0.0000000000000000, 0.0000000000000000, '2022-02-24 10:06:55', '2022-02-24 10:06:55', 0.0000000000000000, 0.0000000000000000, NULL, 0.0000000000000000),
	(364, 71, 2, 0.0000000000000000, 0.0000000000000000, '2022-02-24 10:06:55', '2022-02-24 10:06:55', 0.0000000000000000, 0.0000000000000000, NULL, 0.0000000000000000),
	(365, 71, 6, 0.0000000000000000, 0.0000000000000000, '2022-02-24 10:06:55', '2022-02-24 10:06:55', 0.0000000000000000, 0.0000000000000000, NULL, 0.0000000000000000),
	(366, 71, 7, 0.0000000000000000, 0.0000000000000000, '2022-02-24 10:06:55', '2022-02-24 10:06:55', 0.0000000000000000, 0.0000000000000000, NULL, 0.0000000000000000),
	(367, 71, 8, 0.0000000000000000, 0.0000000000000000, '2022-02-24 10:06:55', '2022-02-24 10:06:55', 0.0000000000000000, 0.0000000000000000, NULL, 0.0000000000000000),
	(368, 72, 1, 0.0000000000000000, 0.0000000000000000, '2022-02-24 14:13:27', '2022-02-24 14:13:27', 0.0000000000000000, 0.0000000000000000, NULL, 0.0000000000000000),
	(369, 72, 2, 0.0000000000000000, 0.0000000000000000, '2022-02-24 14:13:27', '2022-02-24 14:13:27', 0.0000000000000000, 0.0000000000000000, NULL, 0.0000000000000000),
	(370, 72, 6, 0.0000000000000000, 0.0000000000000000, '2022-02-24 14:13:27', '2022-02-24 14:13:27', 0.0000000000000000, 0.0000000000000000, NULL, 0.0000000000000000),
	(371, 72, 7, 0.0000000000000000, 0.0000000000000000, '2022-02-24 14:13:27', '2022-02-24 14:13:27', 0.0000000000000000, 0.0000000000000000, NULL, 0.0000000000000000),
	(372, 72, 8, 0.0000000000000000, 0.0000000000000000, '2022-02-24 14:13:27', '2022-02-24 14:13:27', 0.0000000000000000, 0.0000000000000000, NULL, 0.0000000000000000),
	(373, 73, 1, 0.0000000000000000, 0.0000000000000000, '2022-02-24 14:20:15', '2022-02-24 14:20:15', 0.0000000000000000, 0.0000000000000000, NULL, 0.0000000000000000),
	(374, 73, 2, 0.0000000000000000, 0.0000000000000000, '2022-02-24 14:20:15', '2022-02-24 14:20:15', 0.0000000000000000, 0.0000000000000000, NULL, 0.0000000000000000),
	(375, 73, 6, 0.0000000000000000, 0.0000000000000000, '2022-02-24 14:20:15', '2022-02-24 14:20:15', 0.0000000000000000, 0.0000000000000000, NULL, 0.0000000000000000),
	(376, 73, 7, 0.0000000000000000, 0.0000000000000000, '2022-02-24 14:20:15', '2022-02-24 14:20:15', 0.0000000000000000, 0.0000000000000000, NULL, 0.0000000000000000),
	(377, 73, 8, 0.0000000000000000, 0.0000000000000000, '2022-02-24 14:20:15', '2022-02-24 14:20:15', 0.0000000000000000, 0.0000000000000000, NULL, 0.0000000000000000),
	(378, 74, 1, 0.0000000000000000, 0.0000000000000000, '2022-02-24 14:24:32', '2022-02-24 14:24:32', 0.0000000000000000, 0.0000000000000000, NULL, 0.0000000000000000),
	(379, 74, 2, 0.0000000000000000, 0.0000000000000000, '2022-02-24 14:24:32', '2022-02-24 14:24:32', 0.0000000000000000, 0.0000000000000000, NULL, 0.0000000000000000),
	(380, 74, 6, 0.0000000000000000, 0.0000000000000000, '2022-02-24 14:24:32', '2022-02-24 14:24:32', 0.0000000000000000, 0.0000000000000000, NULL, 0.0000000000000000),
	(381, 74, 7, 0.0000000000000000, 0.0000000000000000, '2022-02-24 14:24:32', '2022-02-24 14:24:32', 0.0000000000000000, 0.0000000000000000, NULL, 0.0000000000000000),
	(382, 74, 8, 0.0000000000000000, 0.0000000000000000, '2022-02-24 14:24:32', '2022-02-24 14:24:32', 0.0000000000000000, 0.0000000000000000, NULL, 0.0000000000000000),
	(383, 75, 1, 0.0000000000000000, 0.0000000000000000, '2022-02-25 02:14:36', '2022-02-25 16:09:18', 0.0000000000000000, 0.0000000000000000, NULL, 0.0000000000000000),
	(384, 75, 2, 0.0000000000000000, 0.0000000000000000, '2022-02-25 02:14:36', '2022-02-25 02:14:36', 0.0000000000000000, 0.0000000000000000, NULL, 0.0000000000000000),
	(385, 75, 6, 0.0000000000000000, 0.0000000000000000, '2022-02-25 02:14:36', '2022-02-25 02:14:36', 0.0000000000000000, 0.0000000000000000, NULL, 0.0000000000000000),
	(386, 75, 7, 0.0000000000000000, 0.0000000000000000, '2022-02-25 02:14:36', '2022-02-25 02:14:36', 0.0000000000000000, 0.0000000000000000, NULL, 0.0000000000000000),
	(387, 75, 8, 0.0000000000000000, 0.0000000000000000, '2022-02-25 02:14:36', '2022-02-25 02:14:36', 0.0000000000000000, 0.0000000000000000, NULL, 0.0000000000000000),
	(388, 76, 1, 0.0000000000000000, 0.0000000000000000, '2022-03-02 22:39:40', '2022-03-02 22:39:40', 0.0000000000000000, 0.0000000000000000, NULL, 0.0000000000000000),
	(389, 76, 2, 0.0000000000000000, 0.0000000000000000, '2022-03-02 22:39:40', '2022-03-02 22:39:40', 0.0000000000000000, 0.0000000000000000, NULL, 0.0000000000000000),
	(390, 76, 6, 0.0000000000000000, 0.0000000000000000, '2022-03-02 22:39:40', '2022-03-02 22:39:40', 0.0000000000000000, 0.0000000000000000, NULL, 0.0000000000000000),
	(391, 76, 7, 0.0000000000000000, 0.0000000000000000, '2022-03-02 22:39:40', '2022-03-02 22:39:40', 0.0000000000000000, 0.0000000000000000, NULL, 0.0000000000000000),
	(392, 76, 8, 0.0000000000000000, 0.0000000000000000, '2022-03-02 22:39:40', '2022-03-02 22:39:40', 0.0000000000000000, 0.0000000000000000, NULL, 0.0000000000000000),
	(393, 77, 1, 0.0000000000000000, 0.0000000000000000, '2022-03-02 22:40:52', '2022-03-02 22:40:52', 0.0000000000000000, 0.0000000000000000, NULL, 0.0000000000000000),
	(394, 77, 2, 0.0000000000000000, 0.0000000000000000, '2022-03-02 22:40:52', '2022-03-02 22:40:52', 0.0000000000000000, 0.0000000000000000, NULL, 0.0000000000000000),
	(395, 77, 6, 0.0000000000000000, 0.0000000000000000, '2022-03-02 22:40:52', '2022-03-02 22:40:52', 0.0000000000000000, 0.0000000000000000, NULL, 0.0000000000000000),
	(396, 77, 7, 0.0000000000000000, 0.0000000000000000, '2022-03-02 22:40:52', '2022-03-02 22:40:52', 0.0000000000000000, 0.0000000000000000, NULL, 0.0000000000000000),
	(397, 77, 8, 0.0000000000000000, 0.0000000000000000, '2022-03-02 22:40:52', '2022-03-02 22:40:52', 0.0000000000000000, 0.0000000000000000, NULL, 0.0000000000000000),
	(398, 78, 1, 0.0000000000000000, 0.0000000000000000, '2022-03-02 22:41:39', '2022-03-02 22:41:39', 0.0000000000000000, 0.0000000000000000, NULL, 0.0000000000000000),
	(399, 78, 2, 0.0000000000000000, 0.0000000000000000, '2022-03-02 22:41:39', '2022-03-02 22:41:39', 0.0000000000000000, 0.0000000000000000, NULL, 0.0000000000000000),
	(400, 78, 6, 0.0000000000000000, 0.0000000000000000, '2022-03-02 22:41:39', '2022-03-02 22:41:39', 0.0000000000000000, 0.0000000000000000, NULL, 0.0000000000000000),
	(401, 78, 7, 0.0000000000000000, 0.0000000000000000, '2022-03-02 22:41:39', '2022-03-02 22:41:39', 0.0000000000000000, 0.0000000000000000, NULL, 0.0000000000000000),
	(402, 78, 8, 0.0000000000000000, 0.0000000000000000, '2022-03-02 22:41:39', '2022-03-02 22:41:39', 0.0000000000000000, 0.0000000000000000, NULL, 0.0000000000000000),
	(403, 79, 1, 0.0000000000000000, 0.0000000000000000, '2022-03-03 17:18:17', '2022-03-03 17:18:17', 0.0000000000000000, 0.0000000000000000, NULL, 0.0000000000000000),
	(404, 79, 2, 0.0500000000000000, 0.0000000000000000, '2022-03-03 17:18:17', '2022-03-04 18:22:19', 0.0000000000000000, 0.0000000000000000, NULL, 0.0000000000000000),
	(405, 79, 6, 10.0000000000000000, 0.0000000000000000, '2022-03-03 17:18:17', '2022-03-04 18:22:06', 0.0000000000000000, 0.0000000000000000, NULL, 0.0000000000000000),
	(406, 79, 7, 500.0000000000000000, 0.0000000000000000, '2022-03-03 17:18:17', '2022-03-04 18:16:38', 0.0000000000000000, 0.0000000000000000, NULL, 0.0000000000000000),
	(407, 79, 8, 0.0000000000000000, 0.0000000000000000, '2022-03-03 17:18:17', '2022-03-04 18:23:42', 0.0000000000000000, 0.0000000000000000, NULL, 0.0000000000000000),
	(408, 80, 1, 0.0000000000000000, 0.0000000000000000, '2022-03-03 18:05:33', '2022-03-03 18:05:33', 0.0000000000000000, 0.0000000000000000, NULL, 0.0000000000000000),
	(409, 80, 2, 0.0500000000000000, 0.0000000000000000, '2022-03-03 18:05:33', '2022-03-03 18:27:22', 0.0000000000000000, 0.0000000000000000, NULL, 0.0000000000000000),
	(410, 80, 6, 50.0000000000000000, 0.0000000000000000, '2022-03-03 18:05:33', '2022-03-03 18:15:45', 0.0000000000000000, 0.0000000000000000, NULL, 0.0000000000000000),
	(411, 80, 7, 9000.0000000000000000, 0.0000000000000000, '2022-03-03 18:05:33', '2022-03-03 18:12:39', 0.0000000000000000, 0.0000000000000000, NULL, 0.0000000000000000),
	(412, 80, 8, 0.5000000000000000, 0.0000000000000000, '2022-03-03 18:05:33', '2022-03-03 18:27:51', 0.0000000000000000, 0.0000000000000000, NULL, 0.0000000000000000),
	(413, 81, 1, 0.0000000000000000, 0.0000000000000000, '2022-03-03 18:41:50', '2022-03-03 18:41:50', 0.0000000000000000, 0.0000000000000000, NULL, 0.0000000000000000),
	(414, 81, 2, 0.0000000000000000, 0.0000000000000000, '2022-03-03 18:41:50', '2022-03-03 18:41:50', 0.0000000000000000, 0.0000000000000000, NULL, 0.0000000000000000),
	(415, 81, 6, 0.0000000000000000, 0.0000000000000000, '2022-03-03 18:41:50', '2022-03-03 18:41:50', 0.0000000000000000, 0.0000000000000000, NULL, 0.0000000000000000),
	(416, 81, 7, 0.0000000000000000, 0.0000000000000000, '2022-03-03 18:41:50', '2022-03-03 18:41:50', 0.0000000000000000, 0.0000000000000000, NULL, 0.0000000000000000),
	(417, 81, 8, 0.0000000000000000, 0.0000000000000000, '2022-03-03 18:41:50', '2022-03-03 18:41:50', 0.0000000000000000, 0.0000000000000000, NULL, 0.0000000000000000),
	(418, 82, 1, 0.0000000000000000, 0.0000000000000000, '2022-03-04 16:45:22', '2022-03-04 16:45:22', 0.0000000000000000, 0.0000000000000000, NULL, 0.0000000000000000),
	(419, 82, 2, 0.2000000000000000, 0.0000000000000000, '2022-03-04 16:45:22', '2022-03-04 18:22:19', 0.0000000000000000, 0.0000000000000000, NULL, 0.0000000000000000),
	(420, 82, 6, 20.0000000000000000, 0.0000000000000000, '2022-03-04 16:45:22', '2022-03-04 18:22:06', 0.0000000000000000, 0.0000000000000000, NULL, 0.0000000000000000),
	(421, 82, 7, 0.0000000000000000, 0.0000000000000000, '2022-03-04 16:45:22', '2022-03-04 16:45:22', 0.0000000000000000, 0.0000000000000000, NULL, 0.0000000000000000),
	(422, 82, 8, 1.0000000000000000, 0.0000000000000000, '2022-03-04 16:45:22', '2022-03-04 18:22:51', 0.0000000000000000, 0.0000000000000000, NULL, 0.0000000000000000),
	(423, 83, 1, 0.0000000000000000, 0.0000000000000000, '2022-03-04 17:19:22', '2022-03-04 17:19:22', 0.0000000000000000, 0.0000000000000000, NULL, 0.0000000000000000),
	(424, 83, 2, 0.0000000000000000, 0.0000000000000000, '2022-03-04 17:19:22', '2022-03-04 17:19:22', 0.0000000000000000, 0.0000000000000000, NULL, 0.0000000000000000),
	(425, 83, 6, 0.0000000000000000, 0.0000000000000000, '2022-03-04 17:19:22', '2022-03-04 17:19:22', 0.0000000000000000, 0.0000000000000000, NULL, 0.0000000000000000),
	(426, 83, 7, 0.0000000000000000, 0.0000000000000000, '2022-03-04 17:19:22', '2022-03-04 17:19:22', 0.0000000000000000, 0.0000000000000000, NULL, 0.0000000000000000),
	(427, 83, 8, 0.0000000000000000, 0.0000000000000000, '2022-03-04 17:19:22', '2022-03-04 17:19:22', 0.0000000000000000, 0.0000000000000000, NULL, 0.0000000000000000),
	(428, 84, 1, 0.0000000000000000, 0.0000000000000000, '2022-03-04 18:22:25', '2022-03-04 18:22:25', 0.0000000000000000, 0.0000000000000000, NULL, 0.0000000000000000),
	(429, 84, 2, 0.0000000000000000, 0.0000000000000000, '2022-03-04 18:22:25', '2022-03-04 18:22:25', 0.0000000000000000, 0.0000000000000000, NULL, 0.0000000000000000),
	(430, 84, 6, 0.0000000000000000, 0.0000000000000000, '2022-03-04 18:22:25', '2022-03-04 18:22:25', 0.0000000000000000, 0.0000000000000000, NULL, 0.0000000000000000),
	(431, 84, 7, 0.0000000000000000, 0.0000000000000000, '2022-03-04 18:22:25', '2022-03-04 18:22:25', 0.0000000000000000, 0.0000000000000000, NULL, 0.0000000000000000),
	(432, 84, 8, 0.0000000000000000, 0.0000000000000000, '2022-03-04 18:22:25', '2022-03-04 18:22:25', 0.0000000000000000, 0.0000000000000000, NULL, 0.0000000000000000);
/*!40000 ALTER TABLE `accounts` ENABLE KEYS */;

-- Dumping data for table iwave-uat.account_versions: ~29 rows (approximately)
/*!40000 ALTER TABLE `account_versions` DISABLE KEYS */;
-- `account_versions` not populated

-- Dumping data for table iwave-uat.api_tokens: ~14 rows (approximately)
/*!40000 ALTER TABLE `api_tokens` DISABLE KEYS */;
-- `api_tokens` not populated
/*!40000 ALTER TABLE `api_tokens` ENABLE KEYS */;

-- Dumping data for table iwave-uat.assets: ~50 rows (approximately)
/*!40000 ALTER TABLE `assets` DISABLE KEYS */;
-- `assets` not populated
/*!40000 ALTER TABLE `assets` ENABLE KEYS */;

-- Dumping data for table iwave-uat.audit_logs: ~52 rows (approximately)
/*!40000 ALTER TABLE `audit_logs` DISABLE KEYS */;
-- `audit_logs` not populated
/*!40000 ALTER TABLE `audit_logs` ENABLE KEYS */;

-- Dumping data for table iwave-uat.authentications: ~46 rows (approximately)
/*!40000 ALTER TABLE `authentications` DISABLE KEYS */;
-- TBD REMOVE FIRST AND SEE HOW
-- INSERT INTO `authentications` (`id`, `provider`, `uid`, `token`, `secret`, `member_id`, `created_at`, `updated_at`, `nickname`) VALUES
-- 	(1, 'identity', '1', NULL, NULL, 1, '2021-11-29 07:16:06', '2021-11-29 07:16:06', NULL),
-- 	(2, 'identity', '2', NULL, NULL, 2, '2021-11-29 07:16:06', '2021-11-29 07:16:06', NULL),
-- 	(3, 'identity', '3', NULL, NULL, 3, '2021-12-09 10:45:22', '2021-12-09 10:45:22', NULL),
-- 	(4, 'identity', '4', NULL, NULL, 4, '2021-12-12 23:40:42', '2021-12-12 23:40:42', NULL),
-- 	(5, 'identity', '5', NULL, NULL, 5, '2021-12-12 23:47:03', '2021-12-12 23:47:03', NULL),
-- 	(6, 'identity', '6', NULL, NULL, 6, '2021-12-20 13:21:11', '2021-12-20 13:21:11', NULL),
-- 	(7, 'identity', '7', NULL, NULL, 7, '2021-12-21 08:30:44', '2021-12-21 08:30:44', NULL),
-- 	(8, 'identity', '8', NULL, NULL, 8, '2021-12-21 09:58:59', '2021-12-21 09:58:59', NULL),
-- 	(9, 'identity', '9', NULL, NULL, 9, '2021-12-23 08:38:55', '2021-12-23 08:38:55', NULL),
-- 	(10, 'identity', '10', NULL, NULL, 10, '2021-12-29 08:37:33', '2021-12-29 08:37:33', NULL),
-- 	(11, 'identity', '11', NULL, NULL, 11, '2021-12-31 03:47:46', '2021-12-31 03:47:46', NULL),
-- 	(12, 'identity', '12', NULL, NULL, 12, '2021-12-31 03:51:49', '2021-12-31 03:51:49', NULL),
-- 	(13, 'identity', '13', NULL, NULL, 13, '2021-12-31 03:53:22', '2021-12-31 03:53:22', NULL),
-- 	(14, 'identity', '14', NULL, NULL, 14, '2021-12-31 06:42:00', '2021-12-31 06:42:00', NULL),
-- 	(15, 'identity', '15', NULL, NULL, 15, '2021-12-31 07:37:44', '2021-12-31 07:37:44', NULL),
-- 	(16, 'identity', '16', NULL, NULL, 16, '2022-01-03 05:04:51', '2022-01-03 05:04:51', NULL),
-- 	(17, 'identity', '17', NULL, NULL, 17, '2022-01-03 05:13:44', '2022-01-03 05:13:44', NULL),
-- 	(18, 'identity', '18', NULL, NULL, 18, '2022-01-03 10:45:40', '2022-01-03 10:45:40', NULL),
-- 	(19, 'identity', '19', NULL, NULL, 19, '2022-01-03 11:18:09', '2022-01-03 11:18:09', NULL),
-- 	(20, 'identity', '20', NULL, NULL, 20, '2022-01-04 09:49:52', '2022-01-04 09:49:52', NULL),
-- 	(21, 'identity', '21', NULL, NULL, 21, '2022-01-06 06:16:53', '2022-01-06 06:16:53', NULL),
-- 	(22, 'identity', '22', NULL, NULL, 22, '2022-01-06 15:03:21', '2022-01-06 15:03:21', NULL),
-- 	(23, 'identity', '23', NULL, NULL, 23, '2022-01-07 03:28:38', '2022-01-07 03:28:38', NULL),
-- 	(24, 'identity', '24', NULL, NULL, 24, '2022-01-07 04:38:14', '2022-01-07 04:38:14', NULL),
-- 	(25, 'identity', '25', NULL, NULL, 25, '2022-01-07 05:13:43', '2022-01-07 05:13:43', NULL),
-- 	(26, 'identity', '26', NULL, NULL, 26, '2022-01-12 07:24:48', '2022-01-12 07:24:48', NULL),
-- 	(27, 'identity', '27', NULL, NULL, 27, '2022-01-12 07:42:15', '2022-01-12 07:42:15', NULL),
-- 	(28, 'identity', '28', NULL, NULL, 28, '2022-01-20 10:11:22', '2022-01-20 10:11:22', NULL),
-- 	(29, 'identity', '29', NULL, NULL, 29, '2022-01-20 10:22:51', '2022-01-20 10:22:51', NULL),
-- 	(30, 'identity', '30', NULL, NULL, 30, '2022-02-07 07:42:13', '2022-02-07 07:42:13', NULL),
-- 	(31, 'identity', '31', NULL, NULL, 31, '2022-02-08 03:49:26', '2022-02-08 03:49:26', NULL),
-- 	(32, 'identity', '32', NULL, NULL, 32, '2022-02-08 10:24:16', '2022-02-08 10:24:16', NULL),
-- 	(33, 'identity', '33', NULL, NULL, 33, '2022-02-08 10:40:42', '2022-02-08 10:40:42', NULL),
-- 	(34, 'identity', '34', NULL, NULL, 34, '2022-02-09 02:26:52', '2022-02-09 02:26:52', NULL),
-- 	(35, 'identity', '35', NULL, NULL, 35, '2022-02-10 11:01:34', '2022-02-10 11:01:34', NULL),
-- 	(36, 'identity', '73', NULL, NULL, 73, '2022-02-24 14:20:15', '2022-02-24 14:20:15', NULL),
-- 	(37, 'identity', '74', NULL, NULL, 74, '2022-02-24 14:24:32', '2022-02-24 14:24:32', NULL),
-- 	(38, 'identity', '75', NULL, NULL, 75, '2022-02-25 02:14:36', '2022-02-25 02:14:36', NULL),
-- 	(39, 'identity', '76', NULL, NULL, 76, '2022-03-02 22:39:40', '2022-03-02 22:39:40', NULL),
-- 	(40, 'identity', '77', NULL, NULL, 77, '2022-03-02 22:40:52', '2022-03-02 22:40:52', NULL),
-- 	(41, 'identity', '78', NULL, NULL, 78, '2022-03-02 22:41:39', '2022-03-02 22:41:39', NULL),
-- 	(42, 'identity', '79', NULL, NULL, 79, '2022-03-03 17:18:17', '2022-03-03 17:18:17', NULL),
-- 	(43, 'identity', '80', NULL, NULL, 80, '2022-03-03 18:05:33', '2022-03-03 18:05:33', NULL),
-- 	(44, 'identity', '81', NULL, NULL, 81, '2022-03-03 18:41:50', '2022-03-03 18:41:50', NULL),
-- 	(45, 'identity', '82', NULL, NULL, 82, '2022-03-04 16:45:22', '2022-03-04 16:45:22', NULL),
-- 	(46, 'identity', '83', NULL, NULL, 83, '2022-03-04 17:19:22', '2022-03-04 17:19:22', NULL),
-- 	(47, 'identity', '84', NULL, NULL, 84, '2022-03-04 18:22:25', '2022-03-04 18:22:25', NULL);
/*!40000 ALTER TABLE `authentications` ENABLE KEYS */;

-- Dumping data for table iwave-uat.bots: ~0 rows (approximately)
/*!40000 ALTER TABLE `bots` DISABLE KEYS */;
/*!40000 ALTER TABLE `bots` ENABLE KEYS */;

-- Dumping data for table iwave-uat.comments: ~7 rows (approximately)
-- `comments` not populated
/*!40000 ALTER TABLE `comments` DISABLE KEYS */;
/*!40000 ALTER TABLE `comments` ENABLE KEYS */;

-- Dumping data for table iwave-uat.deposits: ~13 rows (approximately)
/*!40000 ALTER TABLE `deposits` DISABLE KEYS */;
-- `deposits` partially populated
INSERT INTO `deposits` (`id`, `account_id`, `member_id`, `currency`, `amount`, `fee`, `fund_uid`, `fund_extra`, `txid`, `state`, `aasm_state`, `created_at`, `updated_at`, `done_at`, `confirmations`, `type`, `payment_transaction_id`, `txout`, `bank_code`) VALUES
	(1, 32, 6, 2, 0.0020000000000000, 0.0000000000000000, NULL, NULL, '0x345006b3c096f9c976bca1b6382a8a1419755f642622f39bb80962751c2aec59', NULL, 'accepted', '2022-01-21 11:20:22', '2022-01-21 11:20:22', NULL, '0', 'Deposits::Ether', 1, 1, NULL),
	(2, 32, 6, 2, 0.1000000000000000, 0.0000000000000000, NULL, NULL, '0x3f6109dc820b5e2f2391e3e43a923395a30385c3ab9b5e2280ec3e7d47045040', NULL, 'accepted', '2022-02-02 10:41:39', '2022-02-02 10:41:39', NULL, '18', 'Deposits::Ether', 2, 1, NULL),
	(3, 129, 9, 7, 500.0000000000000000, 0.0000000000000000, NULL, NULL, '0x7450c440d1d998ac89d67f8f8be756f35758df2cdb2eecde93168377180bbca4', NULL, 'accepted', '2022-02-03 08:42:26', '2022-02-03 08:42:26', NULL, '-14643619', 'Deposits::Totoz', 3, 1, NULL),
	(4, 50, 9, 2, 0.0100000000000000, 0.0000000000000000, NULL, NULL, '0xdaa08b7d9bdf273a4055d87219d8ff8364841538ba5bc3200bc4d7fc9723ca63', NULL, 'accepted', '2022-02-07 03:04:05', '2022-02-07 03:04:06', NULL, '0', 'Deposits::Ether', 4, 1, NULL),
	(5, 54, 9, 6, 10.0000000000000000, 0.0000000000000000, NULL, NULL, '0x153db2a7eb6a70a608cd1422fc59392008ed4838bab7c1099b6ddc93690295f8', NULL, 'accepted', '2022-02-14 08:25:33', '2022-02-14 08:27:02', NULL, '7', 'Deposits::Usdt', 5, 1, NULL),
/*!40000 ALTER TABLE `deposits` ENABLE KEYS */;

-- Dumping data for table iwave-uat.documents: ~0 rows (approximately)
/*!40000 ALTER TABLE `documents` DISABLE KEYS */;
/*!40000 ALTER TABLE `documents` ENABLE KEYS */;

-- Dumping data for table iwave-uat.document_translations: ~0 rows (approximately)
/*!40000 ALTER TABLE `document_translations` DISABLE KEYS */;
/*!40000 ALTER TABLE `document_translations` ENABLE KEYS */;

-- Dumping data for table iwave-uat.exchange_commissions: ~0 rows (approximately)
/*!40000 ALTER TABLE `exchange_commissions` DISABLE KEYS */;
/*!40000 ALTER TABLE `exchange_commissions` ENABLE KEYS */;

-- Dumping data for table iwave-uat.fees: ~0 rows (approximately)
/*!40000 ALTER TABLE `fees` DISABLE KEYS */;
INSERT INTO `fees` (`id`, `min`, `max`, `taker`, `maker`, `created_at`, `updated_at`) VALUES
	(2, 0.0001, 1000000.0000, 0.0001, 0.0001, '2022-01-24 14:54:34', '2022-01-24 15:00:34');
/*!40000 ALTER TABLE `fees` ENABLE KEYS */;

-- Dumping data for table iwave-uat.fund_sources: ~23 rows (approximately)
/*!40000 ALTER TABLE `fund_sources` DISABLE KEYS */;
-- `fund_sources` not populated
/*!40000 ALTER TABLE `fund_sources` ENABLE KEYS */;

-- Dumping data for table iwave-uat.holder_discounts: ~0 rows (approximately)
/*!40000 ALTER TABLE `holder_discounts` DISABLE KEYS */;
/*!40000 ALTER TABLE `holder_discounts` ENABLE KEYS */;

-- Dumping data for table iwave-uat.identities: ~81 rows (approximately)
/*!40000 ALTER TABLE `identities` DISABLE KEYS */;
INSERT INTO `identities` (`id`, `email`, `password_digest`, `roles`, `is_active`, `retry_count`, `is_locked`, `locked_at`, `last_verify_at`, `created_at`, `updated_at`) VALUES
	(76, 'ozadmin1@oz.finance', '$2a$12$rDcy6HHWwxFeKPsfXywHaete/uQ/AerIxGdZnlxzyAH6TRO5i9vJ6', 'user,admin', NULL, NULL, NULL, NULL, NULL, '2022-03-02 22:39:40', '2022-03-02 22:39:40'),
	(77, 'ozadmin2@oz.finance', '$2a$12$se2KFph7t1cQVRiz8EY8gevOf2Om7fL8QkKcYvLpuw0NzYYwCPbVm', 'user,admin', NULL, NULL, NULL, NULL, NULL, '2022-03-02 22:40:52', '2022-03-02 22:40:52'),
	(78, 'ozadmin3@oz.finance', '$2a$12$j2FoccM9ZkUpUU63Vu6rBuYEVaQOf9rrcqhlSYOu6R3cJ7xYXu4TS', 'user,admin', NULL, NULL, NULL, NULL, NULL, '2022-03-02 22:41:39', '2022-03-02 22:41:39'),
	(79, 'cece.lu+001@visiongroup.co', '$2a$12$YYUImrXnlz2kdO0GilLO0u8wE/NkODxuTdfYx3JCHRTR7SM7.V0Ke', 'user', NULL, NULL, NULL, NULL, NULL, '2022-03-03 17:18:17', '2022-03-03 17:18:17'),
	(80, 'cece.lu+002@visiongroup.co', '$2a$12$Q56n0PoqnH4k6YIBGuEKkON9jv8di2ZyHIUSmOYmG/AvfVsGAGmEy', 'user', NULL, NULL, NULL, NULL, NULL, '2022-03-03 18:05:33', '2022-03-03 18:05:33');
/*!40000 ALTER TABLE `identities` ENABLE KEYS */;

-- Dumping data for table iwave-uat.id_documents: ~81 rows (approximately)
/*!40000 ALTER TABLE `id_documents` DISABLE KEYS */;
INSERT INTO `id_documents` (`id`, `id_document_type`, `first_name`, `id_document_number`, `member_id`, `created_at`, `updated_at`, `birth_date`, `address`, `city`, `country`, `zipcode`, `id_bill_type`, `aasm_state`, `note`, `last_name`) VALUES
	(76, NULL, 'admin1', NULL, 76, '2022-03-02 22:39:40', '2022-03-02 22:39:40', NULL, NULL, NULL, NULL, NULL, NULL, 'verified', NULL, 'oz'),
	(77, NULL, 'admin2', NULL, 77, '2022-03-02 22:40:52', '2022-03-02 22:40:52', NULL, NULL, NULL, NULL, NULL, NULL, 'verified', NULL, 'oz'),
	(78, NULL, 'admin3', NULL, 78, '2022-03-02 22:41:39', '2022-03-02 22:41:39', NULL, NULL, NULL, NULL, NULL, NULL, 'verified', NULL, 'oz'),
	(79, 1, 'Cece', '123', 79, '2022-03-03 17:18:17', '2022-03-03 17:20:13', '1988-03-03', '123', '132', 'SG', '123', 0, 'verified', NULL, 'Lu'),
	(80, 0, 'Cece', '123', 80, '2022-03-03 18:05:33', '2022-03-03 18:07:09', '1993-04-08', '123', '123', 'SG', '123', 0, 'verified', NULL, 'Lu');
/*!40000 ALTER TABLE `id_documents` ENABLE KEYS */;

-- Dumping data for table iwave-uat.lendings: ~0 rows (approximately)
/*!40000 ALTER TABLE `lendings` DISABLE KEYS */;
/*!40000 ALTER TABLE `lendings` ENABLE KEYS */;

-- Dumping data for table iwave-uat.lending_auto_transfers: ~0 rows (approximately)
/*!40000 ALTER TABLE `lending_auto_transfers` DISABLE KEYS */;
/*!40000 ALTER TABLE `lending_auto_transfers` ENABLE KEYS */;

-- Dumping data for table iwave-uat.lending_durations: ~0 rows (approximately)
/*!40000 ALTER TABLE `lending_durations` DISABLE KEYS */;
/*!40000 ALTER TABLE `lending_durations` ENABLE KEYS */;

-- Dumping data for table iwave-uat.lending_redeems: ~0 rows (approximately)
/*!40000 ALTER TABLE `lending_redeems` DISABLE KEYS */;
/*!40000 ALTER TABLE `lending_redeems` ENABLE KEYS */;

-- Dumping data for table iwave-uat.lending_subscriptions: ~0 rows (approximately)
/*!40000 ALTER TABLE `lending_subscriptions` DISABLE KEYS */;
/*!40000 ALTER TABLE `lending_subscriptions` ENABLE KEYS */;

-- Dumping data for table iwave-uat.lending_types: ~0 rows (approximately)
/*!40000 ALTER TABLE `lending_types` DISABLE KEYS */;
/*!40000 ALTER TABLE `lending_types` ENABLE KEYS */;

-- Dumping data for table iwave-uat.liquidity_histories: ~0 rows (approximately)
/*!40000 ALTER TABLE `liquidity_histories` DISABLE KEYS */;
/*!40000 ALTER TABLE `liquidity_histories` ENABLE KEYS */;

-- Dumping data for table iwave-uat.liquidity_statuses: ~0 rows (approximately)
/*!40000 ALTER TABLE `liquidity_statuses` DISABLE KEYS */;
/*!40000 ALTER TABLE `liquidity_statuses` ENABLE KEYS */;

-- Dumping data for table iwave-uat.loginhistories: ~1,135 rows (approximately)
/*!40000 ALTER TABLE `loginhistories` DISABLE KEYS */;
-- `loginhistories` not populated
/*!40000 ALTER TABLE `loginhistories` ENABLE KEYS */;

-- Dumping data for table iwave-uat.members: ~81 rows (approximately)
/*!40000 ALTER TABLE `members` DISABLE KEYS */;
INSERT INTO `members` (`id`, `sn`, `email`, `identity_id`, `created_at`, `updated_at`, `state`, `activated`, `country_code`, `phone_number`, `disabled`, `api_disabled`, `referral_code`, `referred_by_id`, `referral_completed_at`, `referral_count`, `trade_volume`) VALUES
	(76, '', 'ozadmin1@oz.finance', NULL, '2022-03-02 22:39:40', '2022-03-02 22:39:40', NULL, 0, 65, '88675543', 0, 0, 'l09o0ll0', NULL, NULL, 1, 0.00),
	(77, '', 'ozadmin2@oz.finance', NULL, '2022-03-02 22:40:52', '2022-03-02 22:40:52', NULL, 0, 65, '88478856', 0, 0, 'l09o255x', NULL, NULL, 0, 0.00),
	(78, '', 'ozadmin3@oz.finance', NULL, '2022-03-02 22:41:39', '2022-03-02 22:41:39', NULL, 0, 65, '88471122', 0, 0, 'l09o355s', NULL, NULL, 0, 0.00),
	(79, '', 'cece.lu+001@visiongroup.co', NULL, '2022-03-03 17:18:17', '2022-03-03 17:18:17', NULL, 1, 65, '96811741', 0, 0, 'l0arz51b', NULL, NULL, 0, 0.00),
	(80, '', 'cece.lu+002@visiongroup.co', NULL, '2022-03-03 18:05:33', '2022-03-03 18:05:33', NULL, 1, 65, '96811741', 0, 0, 'l0atnxs7', 76, NULL, 0, 0.00);
/*!40000 ALTER TABLE `members` ENABLE KEYS */;

-- Dumping data for table iwave-uat.member_stake_coins: ~0 rows (approximately)
/*!40000 ALTER TABLE `member_stake_coins` DISABLE KEYS */;
/*!40000 ALTER TABLE `member_stake_coins` ENABLE KEYS */;

-- Dumping data for table iwave-uat.member_stake_coin_credit_histories: ~0 rows (approximately)
/*!40000 ALTER TABLE `member_stake_coin_credit_histories` DISABLE KEYS */;
/*!40000 ALTER TABLE `member_stake_coin_credit_histories` ENABLE KEYS */;

-- Dumping data for table iwave-uat.oauth_access_grants: ~0 rows (approximately)
/*!40000 ALTER TABLE `oauth_access_grants` DISABLE KEYS */;
/*!40000 ALTER TABLE `oauth_access_grants` ENABLE KEYS */;

-- Dumping data for table iwave-uat.oauth_access_tokens: ~0 rows (approximately)
/*!40000 ALTER TABLE `oauth_access_tokens` DISABLE KEYS */;
/*!40000 ALTER TABLE `oauth_access_tokens` ENABLE KEYS */;

-- Dumping data for table iwave-uat.oauth_applications: ~0 rows (approximately)
/*!40000 ALTER TABLE `oauth_applications` DISABLE KEYS */;
/*!40000 ALTER TABLE `oauth_applications` ENABLE KEYS */;

-- Dumping data for table iwave-uat.orders: ~0 rows (approximately)
/*!40000 ALTER TABLE `orders` DISABLE KEYS */;
/*!40000 ALTER TABLE `orders` ENABLE KEYS */;

-- Dumping data for table iwave-uat.partial_trees: ~0 rows (approximately)
/*!40000 ALTER TABLE `partial_trees` DISABLE KEYS */;
/*!40000 ALTER TABLE `partial_trees` ENABLE KEYS */;

-- Dumping data for table iwave-uat.payment_addresses: ~298 rows (approximately)
/*!40000 ALTER TABLE `payment_addresses` DISABLE KEYS */;
INSERT INTO `payment_addresses` (`id`, `account_id`, `address`, `created_at`, `updated_at`, `currency`, `secret`, `details`, `private_key`) VALUES
	(259, 388, '18jHti7tu7ZfkyWMxZ6NwoqZt16m2D7pSi', '2022-03-02 22:39:40', '2022-03-02 22:39:40', 1, NULL, NULL, 'bc451b99ef30218658b5375917106f038e5873f5334a4158bb661e7cea728545'),
	(260, 389, '0x84DCE4Be57951EBe4a18aD3F81F9C7C5229c8A66', '2022-03-02 22:39:40', '2022-03-02 22:39:40', 2, NULL, NULL, 'e10003dd8df4b6f512ebb2a3ef65f1f0ee28791db71d9516a366b0e6e36e258e'),
	(261, 390, '0x84DCE4Be57951EBe4a18aD3F81F9C7C5229c8A66', '2022-03-02 22:39:40', '2022-03-02 22:39:40', 6, NULL, NULL, 'e10003dd8df4b6f512ebb2a3ef65f1f0ee28791db71d9516a366b0e6e36e258e'),
	(262, 391, '0x84DCE4Be57951EBe4a18aD3F81F9C7C5229c8A66', '2022-03-02 22:39:40', '2022-03-02 22:39:40', 7, NULL, NULL, 'e10003dd8df4b6f512ebb2a3ef65f1f0ee28791db71d9516a366b0e6e36e258e'),
	(263, 392, '0x84DCE4Be57951EBe4a18aD3F81F9C7C5229c8A66', '2022-03-02 22:39:40', '2022-03-02 22:39:40', 8, NULL, NULL, 'e10003dd8df4b6f512ebb2a3ef65f1f0ee28791db71d9516a366b0e6e36e258e'),
	(264, 393, '1HGzQvaz5CWizaJngiVWHyaKQhm7Zw4xbT', '2022-03-02 22:40:52', '2022-03-02 22:40:52', 1, NULL, NULL, 'edcab1588661e9401c51954586642b46cec6673664045448608077ebc17f502a'),
	(265, 394, '0x4cA4Cc3CE0122D8e8d37b061D0f955F825C9C7c6', '2022-03-02 22:40:52', '2022-03-02 22:40:52', 2, NULL, NULL, '8a53c9f86724f2b8557a421cd0ce73d9fd507c226f5b4a09c238c902d037d959'),
	(266, 395, '0x4cA4Cc3CE0122D8e8d37b061D0f955F825C9C7c6', '2022-03-02 22:40:52', '2022-03-02 22:40:52', 6, NULL, NULL, '8a53c9f86724f2b8557a421cd0ce73d9fd507c226f5b4a09c238c902d037d959'),
	(267, 396, '0x4cA4Cc3CE0122D8e8d37b061D0f955F825C9C7c6', '2022-03-02 22:40:52', '2022-03-02 22:40:52', 7, NULL, NULL, '8a53c9f86724f2b8557a421cd0ce73d9fd507c226f5b4a09c238c902d037d959'),
	(268, 397, '0x4cA4Cc3CE0122D8e8d37b061D0f955F825C9C7c6', '2022-03-02 22:40:52', '2022-03-02 22:40:52', 8, NULL, NULL, '8a53c9f86724f2b8557a421cd0ce73d9fd507c226f5b4a09c238c902d037d959'),
	(269, 398, '14DSBiwkPt5eHx717D8wpVJXczZGGjumjZ', '2022-03-02 22:41:39', '2022-03-02 22:41:39', 1, NULL, NULL, '6975557948e935c636227591fc1b1b08bb279095f8d06e1811cb9fe738f34df2'),
	(270, 399, '0xb081334452Dee107CC4572DE0875F4903C925e80', '2022-03-02 22:41:39', '2022-03-02 22:41:39', 2, NULL, NULL, '58a84269848536ed1fdd490a73af8bf291d2980ef4a1597c20356e434994b2dc'),
	(271, 400, '0xb081334452Dee107CC4572DE0875F4903C925e80', '2022-03-02 22:41:39', '2022-03-02 22:41:39', 6, NULL, NULL, '58a84269848536ed1fdd490a73af8bf291d2980ef4a1597c20356e434994b2dc'),
	(272, 401, '0xb081334452Dee107CC4572DE0875F4903C925e80', '2022-03-02 22:41:39', '2022-03-02 22:41:39', 7, NULL, NULL, '58a84269848536ed1fdd490a73af8bf291d2980ef4a1597c20356e434994b2dc'),
	(273, 402, '0xb081334452Dee107CC4572DE0875F4903C925e80', '2022-03-02 22:41:39', '2022-03-02 22:41:39', 8, NULL, NULL, '58a84269848536ed1fdd490a73af8bf291d2980ef4a1597c20356e434994b2dc'),
	(274, 403, '1HbkmUpHaHRnVgJ6qxZERYvfb4wuEuvjN2', '2022-03-03 17:18:17', '2022-03-03 17:18:17', 1, NULL, NULL, 'c4a9b6394a3211dee247422b15d3bdc4b7cc1d756ed223467191d46539a3c380'),
	(275, 404, '0x0705f2BB4e4e03D23fB98c66B076E4D131Bc734c', '2022-03-03 17:18:17', '2022-03-03 17:18:17', 2, NULL, NULL, '4e1f47c1d582847601ca6a741dbe2a1f62a25ff63d2fa994637878b169f42d0f'),
	(276, 405, '0x0705f2BB4e4e03D23fB98c66B076E4D131Bc734c', '2022-03-03 17:18:17', '2022-03-03 17:18:17', 6, NULL, NULL, '4e1f47c1d582847601ca6a741dbe2a1f62a25ff63d2fa994637878b169f42d0f'),
	(277, 406, '0x0705f2BB4e4e03D23fB98c66B076E4D131Bc734c', '2022-03-03 17:18:17', '2022-03-03 17:18:17', 7, NULL, NULL, '4e1f47c1d582847601ca6a741dbe2a1f62a25ff63d2fa994637878b169f42d0f'),
	(278, 407, '0x0705f2BB4e4e03D23fB98c66B076E4D131Bc734c', '2022-03-03 17:18:17', '2022-03-03 17:18:17', 8, NULL, NULL, '4e1f47c1d582847601ca6a741dbe2a1f62a25ff63d2fa994637878b169f42d0f'),
	(279, 408, '1JF8cXE74jU8MYZaK9JrnqmViVuoa41d9s', '2022-03-03 18:05:33', '2022-03-03 18:05:33', 1, NULL, NULL, '4d785cc716554bb47b2dde8dcde05c1258335f07e5b99404cbacfde3d37f387e'),
	(280, 409, '0xC264Ea848B2b74Cc7a58B99c1D37b6F3439a0238', '2022-03-03 18:05:33', '2022-03-03 18:05:33', 2, NULL, NULL, '5ae6cee626ed50bdcd579448710e2f531d2ea23a51f1eb5c92698a9bd71583be'),
	(281, 410, '0xC264Ea848B2b74Cc7a58B99c1D37b6F3439a0238', '2022-03-03 18:05:33', '2022-03-03 18:05:33', 6, NULL, NULL, '5ae6cee626ed50bdcd579448710e2f531d2ea23a51f1eb5c92698a9bd71583be'),
	(282, 411, '0xC264Ea848B2b74Cc7a58B99c1D37b6F3439a0238', '2022-03-03 18:05:33', '2022-03-03 18:05:33', 7, NULL, NULL, '5ae6cee626ed50bdcd579448710e2f531d2ea23a51f1eb5c92698a9bd71583be'),
	(283, 412, '0xC264Ea848B2b74Cc7a58B99c1D37b6F3439a0238', '2022-03-03 18:05:33', '2022-03-03 18:05:33', 8, NULL, NULL, '5ae6cee626ed50bdcd579448710e2f531d2ea23a51f1eb5c92698a9bd71583be');
/*!40000 ALTER TABLE `payment_addresses` ENABLE KEYS */;

-- Dumping data for table iwave-uat.payment_transactions: ~24 rows (approximately)
/*!40000 ALTER TABLE `payment_transactions` DISABLE KEYS */;
-- `payment_transactions` not populated
/*!40000 ALTER TABLE `payment_transactions` ENABLE KEYS */;

-- Dumping data for table iwave-uat.proofs: ~0 rows (approximately)
/*!40000 ALTER TABLE `proofs` DISABLE KEYS */;
/*!40000 ALTER TABLE `proofs` ENABLE KEYS */;

-- Dumping data for table iwave-uat.read_marks: ~95 rows (approximately)
/*!40000 ALTER TABLE `read_marks` DISABLE KEYS */;
-- `read_marks` not populated
/*!40000 ALTER TABLE `read_marks` ENABLE KEYS */;

-- Dumping data for table iwave-uat.referral_commissions: ~4 rows (approximately)
/*!40000 ALTER TABLE `referral_commissions` DISABLE KEYS */;
INSERT INTO `referral_commissions` (`id`, `min`, `max`, `fee_percent`, `created_at`, `updated_at`) VALUES
	(1, 1, 10, 1, '2022-02-07 09:04:08', '2022-02-07 09:04:08'),
	(2, 11, 100, 3, '2022-02-07 09:04:42', '2022-02-07 09:04:42'),
	(3, 101, 500, 5, '2022-02-07 09:04:51', '2022-02-07 09:04:51'),
	(4, 501, 1000, 10, '2022-02-07 09:05:01', '2022-02-07 09:05:01');
/*!40000 ALTER TABLE `referral_commissions` ENABLE KEYS */;

-- Dumping data for table iwave-uat.running_accounts: ~0 rows (approximately)
/*!40000 ALTER TABLE `running_accounts` DISABLE KEYS */;
/*!40000 ALTER TABLE `running_accounts` ENABLE KEYS */;

-- Dumping data for table iwave-uat.schema_migrations: ~26 rows (approximately)
/*!40000 ALTER TABLE `schema_migrations` DISABLE KEYS */;
INSERT INTO `schema_migrations` (`version`) VALUES
	('20200924150329'),
	('20201012143241'),
	('20201020170250'),
	('20201020170840'),
	('20201101143836'),
	('20201207141049'),
	('20201208112858'),
	('20201208113256'),
	('20201210031523'),
	('20201216121340'),
	('20201216121527'),
	('20201216121540'),
	('20201216121652'),
	('20201216121741'),
	('20201217132034'),
	('20201221022148'),
	('20201223150536'),
	('20210102055124'),
	('20210219122506'),
	('20210225115600'),
	('20211025092515'),
	('20220110123252'),
	('20220110131122'),
	('20220110131234'),
	('20220110140703'),
	('20220111080112');
/*!40000 ALTER TABLE `schema_migrations` ENABLE KEYS */;

-- Dumping data for table iwave-uat.signup_histories: ~615 rows (approximately)
/*!40000 ALTER TABLE `signup_histories` DISABLE KEYS */;
-- `signup_histories` not populated
/*!40000 ALTER TABLE `signup_histories` ENABLE KEYS */;

-- Dumping data for table iwave-uat.simple_captcha_data: ~0 rows (approximately)
/*!40000 ALTER TABLE `simple_captcha_data` DISABLE KEYS */;
/*!40000 ALTER TABLE `simple_captcha_data` ENABLE KEYS */;

-- Dumping data for table iwave-uat.stake_coins: ~2 rows (approximately)
/*!40000 ALTER TABLE `stake_coins` DISABLE KEYS */;
-- `signup_histories` not populated
/*!40000 ALTER TABLE `stake_coins` ENABLE KEYS */;

-- Dumping data for table iwave-uat.taggings: ~0 rows (approximately)
/*!40000 ALTER TABLE `taggings` DISABLE KEYS */;
/*!40000 ALTER TABLE `taggings` ENABLE KEYS */;

-- Dumping data for table iwave-uat.tags: ~0 rows (approximately)
/*!40000 ALTER TABLE `tags` DISABLE KEYS */;
/*!40000 ALTER TABLE `tags` ENABLE KEYS */;

-- Dumping data for table iwave-uat.tickets: ~13 rows (approximately)
/*!40000 ALTER TABLE `tickets` DISABLE KEYS */;
-- `tickets` not populated
/*!40000 ALTER TABLE `tickets` ENABLE KEYS */;

-- Dumping data for table iwave-uat.tokens: ~72 rows (approximately)
/*!40000 ALTER TABLE `tokens` DISABLE KEYS */;
-- `tokens` not populated
/*!40000 ALTER TABLE `tokens` ENABLE KEYS */;

-- Dumping data for table iwave-uat.trades: ~0 rows (approximately)
/*!40000 ALTER TABLE `trades` DISABLE KEYS */;
/*!40000 ALTER TABLE `trades` ENABLE KEYS */;

-- Dumping data for table iwave-uat.two_factors: ~113 rows (approximately)
/*!40000 ALTER TABLE `two_factors` DISABLE KEYS */;
INSERT INTO `two_factors` (`id`, `member_id`, `otp_secret`, `last_verify_at`, `activated`, `type`, `refreshed_at`, `sms_check_activated`) VALUES
	(108, 76, 'AFPBWFDFHJQBQUL6', NULL, NULL, 'TwoFactor::App', '2022-03-02 22:39:40', 0),
	(109, 77, 'GM7FKHZPJ4PX2MCC', NULL, NULL, 'TwoFactor::App', '2022-03-02 22:40:52', 0),
	(110, 78, 'AYNUGVCENZTR24TF', NULL, NULL, 'TwoFactor::App', '2022-03-02 22:41:39', 0),
	(111, 79, 'PF3XE43EARTGSDZF', '2022-03-03 17:22:20', 1, 'TwoFactor::App', '2022-03-03 17:18:17', 0),
	(112, 80, 'F4XFCVJVEF7TQUKN', '2022-03-03 18:08:28', 1, 'TwoFactor::App', '2022-03-03 18:05:33', 0);
/*!40000 ALTER TABLE `two_factors` ENABLE KEYS */;

-- Dumping data for table iwave-uat.variable_apy: ~5 rows (approximately)
/*!40000 ALTER TABLE `variable_apy` DISABLE KEYS */;
INSERT INTO `variable_apy` (`id`, `stake_coin_id`, `lot_size`, `apy`, `created_at`, `updated_at`) VALUES
	(1, 1, 1000.0000000000000000, 10.0000, '2022-01-25 01:17:04', '2022-01-25 01:17:04'),
	(2, 2, 3.0000000000000000, 1.0000, '2022-01-25 08:53:10', '2022-01-25 08:53:10'),
	(3, 2, 3.0000000000000000, 5.0000, '2022-01-25 08:53:33', '2022-01-25 08:53:33'),
	(4, 2, 3.0000000000000000, 1.0000, '2022-01-25 08:53:46', '2022-01-25 08:53:46'),
	(5, 2, 3.0000000000000000, 5.0000, '2022-01-25 08:53:46', '2022-01-25 08:53:46');
/*!40000 ALTER TABLE `variable_apy` ENABLE KEYS */;

-- Dumping data for table iwave-uat.versions: ~57 rows (approximately)
/*!40000 ALTER TABLE `versions` DISABLE KEYS */;
-- `versions` not populated
/*!40000 ALTER TABLE `versions` ENABLE KEYS */;

-- Dumping data for table iwave-uat.whitelistings: ~0 rows (approximately)
/*!40000 ALTER TABLE `whitelistings` DISABLE KEYS */;
/*!40000 ALTER TABLE `whitelistings` ENABLE KEYS */;

-- Dumping data for table iwave-uat.withdraws: ~29 rows (approximately)
/*!40000 ALTER TABLE `withdraws` DISABLE KEYS */;
-- `withdraws` not populated
/*!40000 ALTER TABLE `withdraws` ENABLE KEYS */;

/*!40101 SET SQL_MODE=IFNULL(@OLD_SQL_MODE, '') */;
/*!40014 SET FOREIGN_KEY_CHECKS=IFNULL(@OLD_FOREIGN_KEY_CHECKS, 1) */;
/*!40101 SET CHARACTER_SET_CLIENT=@OLD_CHARACTER_SET_CLIENT */;
/*!40111 SET SQL_NOTES=IFNULL(@OLD_SQL_NOTES, 1) */;
